<Animations>
  <Animation name="Idle" frameCount="87">
    <Part name="AvatarPlaceholder">
      <Frame index="0"/>
      <Frame scaleX="0.952" scaleY="0.952" index="1"/>
      <Frame scaleX="0.904" scaleY="0.904" index="2"/>
      <Frame scaleX="0.856" scaleY="0.856" index="3"/>
      <Frame scaleX="0.807" scaleY="0.807" index="4"/>
      <Frame scaleX="0.904" scaleY="0.904" index="5"/>
      <Frame index="6"/>
      <Frame scaleX="0.960" scaleY="0.960" index="7"/>
      <Frame scaleX="0.920" scaleY="0.920" index="8"/>
      <Frame scaleX="0.880" scaleY="0.880" index="9"/>
      <Frame scaleX="0.840" scaleY="0.840" index="10"/>
      <Frame scaleX="0.800" scaleY="0.800" index="11"/>
      <Frame scaleX="0.867" scaleY="0.867" index="12"/>
      <Frame scaleX="0.933" scaleY="0.933" index="13"/>
      <Frame index="14"/>
      <Frame index="15"/>
      <Frame index="16"/>
      <Frame index="17"/>
      <Frame index="18"/>
      <Frame index="19"/>
      <Frame index="20"/>
      <Frame index="21"/>
      <Frame index="22"/>
      <Frame index="23"/>
      <Frame index="24"/>
      <Frame index="25"/>
      <Frame index="26"/>
      <Frame index="27"/>
      <Frame index="28"/>
      <Frame index="29"/>
      <Frame index="30"/>
      <Frame index="31"/>
      <Frame index="32"/>
      <Frame index="33"/>
      <Frame index="34"/>
      <Frame index="35"/>
      <Frame index="36"/>
      <Frame index="37"/>
      <Frame index="38"/>
      <Frame index="39"/>
      <Frame index="40"/>
      <Frame index="41"/>
      <Frame index="42"/>
      <Frame index="43"/>
      <Frame index="44"/>
      <Frame index="45"/>
      <Frame index="46"/>
      <Frame index="47"/>
      <Frame index="48"/>
      <Frame index="49"/>
      <Frame index="50"/>
      <Frame index="51"/>
      <Frame index="52"/>
      <Frame index="53"/>
      <Frame index="54"/>
      <Frame index="55"/>
      <Frame index="56"/>
      <Frame index="57"/>
      <Frame index="58"/>
      <Frame index="59"/>
      <Frame index="60"/>
      <Frame index="61"/>
      <Frame index="62"/>
      <Frame index="63"/>
      <Frame index="64"/>
      <Frame index="65"/>
      <Frame index="66"/>
      <Frame index="67"/>
      <Frame index="68"/>
      <Frame index="69"/>
      <Frame index="70"/>
      <Frame index="71"/>
      <Frame index="72"/>
      <Frame index="73"/>
      <Frame index="74"/>
      <Frame index="75"/>
      <Frame index="76"/>
      <Frame index="77"/>
      <Frame index="78"/>
      <Frame index="79"/>
      <Frame index="80"/>
      <Frame index="81"/>
      <Frame index="82"/>
      <Frame index="83"/>
      <Frame index="84"/>
      <Frame index="85"/>
      <Frame index="86"/>
    </Part>
  </Animation>
</Animations>