<Textures>
  <TextureSheet name="animation">
    <Texture name="DiscountGlow8" width="46" height="46" path="animation/DiscountGlow8.png" registrationPointX="23.00" registrationPointY="23.00" zIndex="10"/>
    <Texture name="DiscountGlow7" width="46" height="46" path="animation/DiscountGlow7.png" registrationPointX="23.00" registrationPointY="23.00" zIndex="9"/>
    <Texture name="DiscountGlow6" width="46" height="46" path="animation/DiscountGlow6.png" registrationPointX="23.00" registrationPointY="23.00" zIndex="8"/>
    <Texture name="DiscountGlow5" width="46" height="46" path="animation/DiscountGlow5.png" registrationPointX="23.00" registrationPointY="23.00" zIndex="7"/>
    <Texture name="DiscountGlow4" width="46" height="46" path="animation/DiscountGlow4.png" registrationPointX="23.00" registrationPointY="23.00" zIndex="6"/>
    <Texture name="DiscountGlow3" width="46" height="46" path="animation/DiscountGlow3.png" registrationPointX="23.00" registrationPointY="23.00" zIndex="5"/>
    <Texture name="DiscountGlow2" width="46" height="46" path="animation/DiscountGlow2.png" registrationPointX="23.00" registrationPointY="23.00" zIndex="4"/>
    <Texture name="DiscountGlow10" width="46" height="46" path="animation/DiscountGlow10.png" registrationPointX="23.00" registrationPointY="23.00" zIndex="3"/>
    <Texture name="DiscountGlow1" width="46" height="46" path="animation/DiscountGlow1.png" registrationPointX="23.00" registrationPointY="23.00" zIndex="2"/>
    <Texture name="DiscountGlow0" width="46" height="46" path="animation/DiscountGlow0.png" registrationPointX="23.00" registrationPointY="23.00" zIndex="1"/>
    <Texture name="DiscountGlow9" width="46" height="46" path="animation/DiscountGlow9.png" registrationPointX="23.00" registrationPointY="23.00" zIndex="1"/>
    <Texture name="GraphicNewMessage" width="46" height="46" path="animation/GraphicNewMessage.png" registrationPointX="23.00" registrationPointY="23.00"/>
  </TextureSheet>
</Textures>