<?xml version="1.0" encoding="ISO-8859-1"?>
<assets>
	<asset>
		<Identifier>Self</Identifier>
		<PositionX>0</PositionX>
		<PositionY>0</PositionY>
	</asset>
	<asset>
		<Identifier>MatchGraphicBackground</Identifier>
		<FilenameVariance>GraphicBackgroundStudio</FilenameVariance>
		<FileFormat>jpg</FileFormat>
		<PositionX>0</PositionX>
		<PositionY>0</PositionY>
		<ResourceFolder>Common</ResourceFolder>
		<ZOrder>0</ZOrder>
	</asset>
	<asset>
		<Identifier>MatchCustomAssetPlayerAnswerResult0</Identifier>
		<FileFormat>png</FileFormat>
		<PositionX>-110</PositionX>
		<PositionY>-312</PositionY>
		<ResourceFolder>Common</ResourceFolder>
		<ZOrder>2</ZOrder>
	</asset>
	<asset>
		<Identifier>MatchCustomAssetPlayerAnswerResult1</Identifier>
		<FileFormat>png</FileFormat>
		<PositionX>-95</PositionX>
		<PositionY>-312</PositionY>
		<ResourceFolder>Common</ResourceFolder>
		<ZOrder>2</ZOrder>
	</asset>
	<asset>
		<Identifier>MatchCustomAssetPlayerAnswerResult2</Identifier>
		<FileFormat>png</FileFormat>
		<PositionX>-80</PositionX>
		<PositionY>-312</PositionY>
		<ResourceFolder>Common</ResourceFolder>
		<ZOrder>2</ZOrder>
	</asset>
	<asset>
		<Identifier>MatchCustomAssetPlayerAnswerResult3</Identifier>
		<FileFormat>png</FileFormat>
		<PositionX>-65</PositionX>
		<PositionY>-312</PositionY>
		<ResourceFolder>Common</ResourceFolder>
		<ZOrder>2</ZOrder>
	</asset>
	<asset>
		<Identifier>MatchCustomAssetPlayerAnswerResult4</Identifier>
		<FileFormat>png</FileFormat>
		<PositionX>-50</PositionX>
		<PositionY>-312</PositionY>
		<ResourceFolder>Common</ResourceFolder>
		<ZOrder>2</ZOrder>
	</asset>
	<asset>
		<Identifier>MatchGraphicPlayerAnswerResultBackground</Identifier>
		<FilenameVariance>GraphicAnswerResultBackground</FilenameVariance>
		<FileFormat>png</FileFormat>
		<PositionX>-80</PositionX>
		<PositionY>-310</PositionY>
		<ResourceFolder>Common</ResourceFolder>
		<ZOrder>1</ZOrder>
	</asset>
	<asset>
		<Identifier>MatchLabelTextPlayerName</Identifier>
		<FileFormat>ttf</FileFormat>
		<SizeX>200</SizeX>
		<SizeY>30</SizeY>
		<PositionX>-80</PositionX>
		<PositionY>-345</PositionY>
		<FontType>Roboto-Bold</FontType>
		<FontSize>20</FontSize>
		<FontColor>255,255,255</FontColor>
		<TextAlignment>Center</TextAlignment>
		<TextAlignmentVertical>Center</TextAlignmentVertical>
		<ZOrder>3</ZOrder>
	</asset>
	<asset>
		<Identifier>MatchGraphicPlayerBackground</Identifier>
		<FilenameVariance>GraphicPlayerBackground</FilenameVariance>
		<FileFormat>png</FileFormat>
		<PositionX>-110</PositionX>
		<PositionY>-340</PositionY>
		<ResourceFolder>Common</ResourceFolder>
		<ZOrder>1</ZOrder>
	</asset>
	<asset>
		<Identifier>MatchGraphicPlayerAvatar*</Identifier>
		<FileFormat>png</FileFormat>
		<PositionX>-170</PositionX>
		<PositionY>-335</PositionY>
		<ResourceFolder>Common</ResourceFolder>
		<ZOrder>2</ZOrder>
	</asset>
	<asset>
		<Identifier>MatchCustomAssetOpponentAnswerResult0</Identifier>
		<FileFormat>png</FileFormat>
		<PositionX>50</PositionX>
		<PositionY>-312</PositionY>
		<ResourceFolder>Common</ResourceFolder>
		<ZOrder>2</ZOrder>
	</asset>
	<asset>
		<Identifier>MatchCustomAssetOpponentAnswerResult1</Identifier>
		<FileFormat>png</FileFormat>
		<PositionX>65</PositionX>
		<PositionY>-312</PositionY>
		<ResourceFolder>Common</ResourceFolder>
		<ZOrder>2</ZOrder>
	</asset>
	<asset>
		<Identifier>MatchCustomAssetOpponentAnswerResult2</Identifier>
		<FileFormat>png</FileFormat>
		<PositionX>80</PositionX>
		<PositionY>-312</PositionY>
		<ResourceFolder>Common</ResourceFolder>
		<ZOrder>2</ZOrder>
	</asset>
	<asset>
		<Identifier>MatchCustomAssetOpponentAnswerResult3</Identifier>
		<FileFormat>png</FileFormat>
		<PositionX>95</PositionX>
		<PositionY>-312</PositionY>
		<ResourceFolder>Common</ResourceFolder>
		<ZOrder>2</ZOrder>
	</asset>
	<asset>
		<Identifier>MatchCustomAssetOpponentAnswerResult4</Identifier>
		<FileFormat>png</FileFormat>
		<PositionX>110</PositionX>
		<PositionY>-312</PositionY>
		<ResourceFolder>Common</ResourceFolder>
		<ZOrder>2</ZOrder>
	</asset>
	<asset>
		<Identifier>MatchGraphicOpponentAnswerResultBackground</Identifier>
		<FilenameVariance>GraphicAnswerResultBackground</FilenameVariance>
		<FileFormat>png</FileFormat>
		<PositionX>80</PositionX>
		<PositionY>-310</PositionY>
		<ResourceFolder>Common</ResourceFolder>
		<ZOrder>1</ZOrder>
	</asset>
	<asset>
		<Identifier>MatchLabelTextOpponentName</Identifier>
		<FileFormat>ttf</FileFormat>
		<SizeX>200</SizeX>
		<SizeY>30</SizeY>
		<PositionX>80</PositionX>
		<PositionY>-345</PositionY>
		<FontType>Roboto-Bold</FontType>
		<FontSize>20</FontSize>
		<FontColor>255,255,255</FontColor>
		<TextAlignment>Center</TextAlignment>
		<TextAlignmentVertical>Center</TextAlignmentVertical>
		<ZOrder>3</ZOrder>
	</asset>
	<asset>
		<Identifier>MatchGraphicOpponentBackground</Identifier>
		<FilenameVariance>GraphicOpponentBackground</FilenameVariance>
		<FileFormat>png</FileFormat>
		<PositionX>110</PositionX>
		<PositionY>-340</PositionY>
		<ResourceFolder>Common</ResourceFolder>
		<ZOrder>1</ZOrder>
	</asset>
	<asset>
		<Identifier>MatchGraphicPlayerOpponent*</Identifier>
		<FileFormat>png</FileFormat>
		<PositionX>170</PositionX>
		<PositionY>-335</PositionY>
		<ResourceFolder>Common</ResourceFolder>
		<ZOrder>2</ZOrder>
	</asset>
</assets>
