<?xml version="1.0" encoding="ISO-8859-1"?>
<assets>
	<asset>
		<Identifier>Self</Identifier>
		<PositionX>0</PositionX>
		<PositionY>0</PositionY>
		<ChildrenDesignRelative>1</ChildrenDesignRelative>
	</asset>
	<asset>
		<Identifier>AvatarEditorGraphicBackground</Identifier>
		<FilenameVariance>GraphicBackgroundMenu</FilenameVariance>
		<FileFormat>jpg</FileFormat>
		<PositionX>0</PositionX>
		<PositionY>0</PositionY>
		<ResourceFolder>Common</ResourceFolder>
		<ZOrder>0</ZOrder>
	</asset>
	<asset>
		<Identifier>AvatarEditorLabelTextTitle</Identifier>
		<FileFormat>ttf</FileFormat>
		<SizeX>420</SizeX>
		<SizeY>40</SizeY>
		<PositionX>0</PositionX>
		<PositionY>265</PositionY>
		<FontType>EurostileTBla</FontType>
		<FontSize>30</FontSize>
		<FontColor>255,255,255</FontColor>
		<TextAlignment>Center</TextAlignment>
		<TextAlignmentVertical>Top</TextAlignmentVertical>
		<ZOrder>4</ZOrder>
	</asset>
	<asset>
		<Identifier>AvatarEditorButtonBack</Identifier>
		<FilenameVariance>ButtonBack</FilenameVariance>
		<FileFormat>png</FileFormat>
		<PositionX>-170</PositionX>
		<PositionY>265</PositionY>
		<ResourceFolder>Common</ResourceFolder>
		<ZOrder>4</ZOrder>
		<SelectedImage>1</SelectedImage>
		<ButtonClickSound>GuiButton.mp3</ButtonClickSound>
	</asset>
	<asset>
		<Identifier>AvatarEditorLabelTextBack</Identifier>
		<FileFormat>ttf</FileFormat>
		<SizeX>150</SizeX>
		<SizeY>60</SizeY>
		<PositionX>-170</PositionX>
		<PositionY>205</PositionY>
		<FontType>EurostileTBla</FontType>
		<FontSize>16</FontSize>
		<FontColor>255,255,255</FontColor>
		<TextAlignment>Center</TextAlignment>
		<TextAlignmentVertical>Top</TextAlignmentVertical>
		<ZOrder>5</ZOrder>
	</asset>
	<asset>
		<Identifier>AvatarEditorGraphicPlayerAvatar*</Identifier>
		<FileFormat>jpg</FileFormat>
		<PositionX>0</PositionX>
		<PositionY>150</PositionY>
		<ResourceFolder>Common</ResourceFolder>
		<ZOrder>7</ZOrder>
	</asset>
	<asset>
		<Identifier>AvatarEditorGraphicBackgroundPlayerAvatar</Identifier>
		<FilenameVariance>GraphicProfilePictureBorderLage</FilenameVariance>
		<FileFormat>png</FileFormat>
		<PositionX>0</PositionX>
		<PositionY>150</PositionY>
		<ResourceFolder>Common</ResourceFolder>
		<ZOrder>3</ZOrder>
	</asset>
	<asset>
		<Identifier>AvatarEditorGraphicBackgroundWhite</Identifier>
		<FilenameVariance>GraphicFrameBigAlpha</FilenameVariance>
		<FileFormat>png</FileFormat>
		<PositionX>0</PositionX>
		<PositionY>-116</PositionY>
		<ResourceFolder>Common</ResourceFolder>
		<ZOrder>1</ZOrder>
	</asset>
	<asset>
		<Identifier>AvatarEditorLabelTextActivateAnimationTitle</Identifier>
		<FileFormat>ttf</FileFormat>
		<SizeX>400</SizeX>
		<SizeY>30</SizeY>
		<PositionX>0</PositionX>
		<PositionY>-270</PositionY>
		<FontType>EurostileTBla</FontType>
		<FontSize>20</FontSize>
		<FontColor>255,255,255</FontColor>
		<TextAlignment>Center</TextAlignment>
		<TextAlignmentVertical>Center</TextAlignmentVertical>
		<ZOrder>5</ZOrder>
	</asset>
	<asset>
		<Identifier>AvatarEditorButtonActivateAnimation</Identifier>
		<FilenameVariance>ButtonStandard</FilenameVariance>
		<FileFormat>png</FileFormat>
		<PositionX>0</PositionX>
		<PositionY>-325</PositionY>
		<ResourceFolder>Common</ResourceFolder>
		<ZOrder>4</ZOrder>
		<SelectedImage>1</SelectedImage>
		<ButtonClickSound>GuiButton.mp3</ButtonClickSound>
	</asset>
	<asset>
		<Identifier>AvatarEditorLabelTextActivateAnimation</Identifier>
		<FileFormat>ttf</FileFormat>
		<SizeX>400</SizeX>
		<SizeY>30</SizeY>
		<PositionX>0</PositionX>
		<PositionY>-325</PositionY>
		<FontType>EurostileTBla</FontType>
		<FontSize>20</FontSize>
		<FontColor>50,50,50</FontColor>
		<TextAlignment>Center</TextAlignment>
		<TextAlignmentVertical>Center</TextAlignmentVertical>
		<ZOrder>5</ZOrder>
	</asset>
	<asset>
		<Identifier>AvatarEditorRadioButtonItemsType1</Identifier>
		<FilenameVariance>RadioButtonSkinColor</FilenameVariance>
		<FileFormat>png</FileFormat>
		<PositionX>-170</PositionX>
		<PositionY>15</PositionY>
		<ResourceFolder>Common</ResourceFolder>
		<ZOrder>4</ZOrder>
		<SelectedImage>1</SelectedImage>
		<ButtonClickSound>GuiButton.mp3</ButtonClickSound>
		<RadioButtonGroupIdentifier>AvatarEditorItems</RadioButtonGroupIdentifier>
	</asset>
	<asset>
		<Identifier>AvatarEditorRadioButtonItemsType2</Identifier>
		<FilenameVariance>RadioButtonHair</FilenameVariance>
		<FileFormat>png</FileFormat>
		<PositionX>-85</PositionX>
		<PositionY>15</PositionY>
		<ResourceFolder>Common</ResourceFolder>
		<ZOrder>4</ZOrder>
		<SelectedImage>1</SelectedImage>
		<ButtonClickSound>GuiButton.mp3</ButtonClickSound>
		<RadioButtonGroupIdentifier>AvatarEditorItems</RadioButtonGroupIdentifier>
	</asset>
	<asset>
		<Identifier>AvatarEditorRadioButtonItemsType3</Identifier>
		<FilenameVariance>RadioButtonMouth</FilenameVariance>
		<FileFormat>png</FileFormat>
		<PositionX>0</PositionX>
		<PositionY>15</PositionY>
		<ResourceFolder>Common</ResourceFolder>
		<ZOrder>4</ZOrder>
		<SelectedImage>1</SelectedImage>
		<ButtonClickSound>GuiButton.mp3</ButtonClickSound>
		<RadioButtonGroupIdentifier>AvatarEditorItems</RadioButtonGroupIdentifier>
	</asset>
	<asset>
		<Identifier>AvatarEditorRadioButtonItemsType4</Identifier>
		<FilenameVariance>RadioButtonEyes</FilenameVariance>
		<FileFormat>png</FileFormat>
		<PositionX>85</PositionX>
		<PositionY>15</PositionY>
		<ResourceFolder>Common</ResourceFolder>
		<ZOrder>4</ZOrder>
		<SelectedImage>1</SelectedImage>
		<ButtonClickSound>GuiButton.mp3</ButtonClickSound>
		<RadioButtonGroupIdentifier>AvatarEditorItems</RadioButtonGroupIdentifier>
	</asset>
	<asset>
		<Identifier>AvatarEditorRadioButtonItemsType5</Identifier>
		<FilenameVariance>RadioButtonAccessoires</FilenameVariance>
		<FileFormat>png</FileFormat>
		<PositionX>170</PositionX>
		<PositionY>15</PositionY>
		<ResourceFolder>Common</ResourceFolder>
		<ZOrder>4</ZOrder>
		<SelectedImage>1</SelectedImage>
		<ButtonClickSound>GuiButton.mp3</ButtonClickSound>
		<RadioButtonGroupIdentifier>AvatarEditorItems</RadioButtonGroupIdentifier>
	</asset>
	<asset>
		<Identifier>AvatarEditorGraphicBackgroundPlayerAvatarItem</Identifier>
		<FilenameVariance>GraphicFrameAvatarItems</FilenameVariance>
		<FileFormat>png</FileFormat>
		<PositionX>0</PositionX>
		<PositionY>-110</PositionY>
		<ResourceFolder>Common</ResourceFolder>
		<ZOrder>3</ZOrder>
	</asset>
	<asset>
		<Identifier>AvatarEditorButtonPreviousItem</Identifier>
		<FilenameVariance>ButtonLeft</FilenameVariance>
		<FileFormat>png</FileFormat>
		<PositionX>-150</PositionX>
		<PositionY>-110</PositionY>
		<ResourceFolder>Common</ResourceFolder>
		<ZOrder>6</ZOrder>
		<SelectedImage>1</SelectedImage>
		<ButtonClickSound>GuiButton.mp3</ButtonClickSound>
	</asset>
	<asset>
		<Identifier>AvatarEditorButtonNextItem</Identifier>
		<FilenameVariance>ButtonRight</FilenameVariance>
		<FileFormat>png</FileFormat>
		<PositionX>150</PositionX>
		<PositionY>-110</PositionY>
		<ResourceFolder>Common</ResourceFolder>
		<ZOrder>6</ZOrder>
		<SelectedImage>1</SelectedImage>
		<ButtonClickSound>GuiButton.mp3</ButtonClickSound>
	</asset>
</assets>
