<?xml version="1.0" encoding="ISO-8859-1"?>
<assets>
	<asset>
		<Identifier>Self</Identifier>
		<PositionX>0</PositionX>
		<PositionY>0</PositionY>
		<ChildrenDesignRelative>1</ChildrenDesignRelative>
	</asset>
	<asset>
		<Identifier>AvatarEditorItemLabelTextTitleSelectedItem</Identifier>
		<FileFormat>ttf</FileFormat>
		<SizeX>400</SizeX>
		<SizeY>30</SizeY>
		<PositionX>0</PositionX>
		<PositionY>-32</PositionY>
		<FontType>EurostileTBla</FontType>
		<FontSize>20</FontSize>
		<FontColor>50,50,50</FontColor>
		<TextAlignment>Center</TextAlignment>
		<TextAlignmentVertical>Center</TextAlignmentVertical>
		<ZOrder>6</ZOrder>
	</asset>
	<asset>
		<Identifier>AvatarEditorItemGraphicBackgroundPlayerAvatarItem</Identifier>
		<FilenameVariance>GraphicFrameAvatarItems</FilenameVariance>
		<FileFormat>png</FileFormat>
		<PositionX>0</PositionX>
		<PositionY>-110</PositionY>
		<ResourceFolder>Common</ResourceFolder>
		<ZOrder>3</ZOrder>
	</asset>
</assets>
