<?xml version="1.0" encoding="ISO-8859-1"?>
<assets>
	<asset>
		<Identifier>Self</Identifier>
		<PositionX>0</PositionX>
		<PositionY>0</PositionY>
		<ChildrenDesignRelative>1</ChildrenDesignRelative>
	</asset>
	<asset>
		<Identifier>ChatPrivateContactsUserLabelTextPlayerName</Identifier>
		<FileFormat>system</FileFormat>
		<SizeX>160</SizeX>
		<SizeY>65</SizeY>
		<PositionX>-30</PositionX>
		<PositionY>0</PositionY>
		<FontType>RobotoCondensed-Bold</FontType>
		<FontSize>20</FontSize>
		<FontColor>120,120,120</FontColor>
		<TextAlignment>Left</TextAlignment>
		<TextAlignmentVertical>Center</TextAlignmentVertical>
		<ZOrder>3</ZOrder>
	</asset>
	<asset>
		<Identifier>ChatPrivateContactsUserLabelTextRewardValueScorePoints</Identifier>
		<FileFormat>ttf</FileFormat>
		<SizeX>140</SizeX>
		<SizeY>65</SizeY>
		<PositionX>165</PositionX>
		<PositionY>0</PositionY>
		<FontType>RobotoCondensed-Bold</FontType>
		<FontSize>20</FontSize>
		<FontColor>0,90,160</FontColor>
		<TextAlignment>Left</TextAlignment>
		<TextAlignmentVertical>Center</TextAlignmentVertical>
		<ZOrder>6</ZOrder>
	</asset>
	<asset>
		<Identifier>ChatPrivateContactsUserGraphicScorePoints</Identifier>
		<FilenameVariance>GraphicScorePoints</FilenameVariance>
		<FileFormat>png</FileFormat>
		<PositionX>80</PositionX>
		<PositionY>0</PositionY>
		<ResourceFolder>Common</ResourceFolder>
		<ZOrder>7</ZOrder>
	</asset>
	<asset>
		<Identifier>ChatPrivateContactsUserButtonChat</Identifier>
		<FilenameVariance>ButtonStandardMenuLong</FilenameVariance>
		<FileFormat>png</FileFormat>
		<PositionX>35</PositionX>
		<PositionY>0</PositionY>
		<ResourceFolder>Common</ResourceFolder>
		<ZOrder>1</ZOrder>
		<SelectedImage>1</SelectedImage>
		<ButtonClickSound>GuiButton.mp3</ButtonClickSound>
	</asset>
</assets>
