<?xml version="1.0" encoding="ISO-8859-1"?>
<assets>
	<asset>
		<Identifier>Self</Identifier>
		<PositionX>0</PositionX>
		<PositionY>0</PositionY>
		<ChildrenDesignRelative>1</ChildrenDesignRelative>
	</asset>
	<asset>
		<Identifier>ChatGraphicBackground</Identifier>
		<FilenameVariance>GraphicBackgroundMenu</FilenameVariance>
		<FileFormat>jpg</FileFormat>
		<PositionX>0</PositionX>
		<PositionY>0</PositionY>
		<ResourceFolder>Common</ResourceFolder>
		<ZOrder>0</ZOrder>
	</asset>
	<asset>
		<Identifier>ChatGraphicBackgroundFrameChallengePlayer</Identifier>
		<FilenameVariance>GraphicFrameChallengePlayer</FilenameVariance>
		<FileFormat>png</FileFormat>
		<PositionX>0</PositionX>
		<PositionY>-78</PositionY>
		<ResourceFolder>Common</ResourceFolder>
		<ZOrder>1</ZOrder>
	</asset>
	<asset>
		<Identifier>ChatCustomAssetClippingMaskChat</Identifier>
		<SizeX>450</SizeX>
		<SizeY>460</SizeY>
		<PositionX>0</PositionX>
		<PositionY>-75</PositionY>
	</asset>
	<asset>
		<Identifier>ChatCustomAssetPadding</Identifier>
		<SizeX>0</SizeX>
		<SizeY>0</SizeY>
		<PositionX>0</PositionX>
		<PositionY>0</PositionY>
	</asset>
</assets>
