<?xml version="1.0" encoding="ISO-8859-1"?>
<assets>
	<asset>
		<Identifier>Self</Identifier>
		<PositionX>0</PositionX>
		<PositionY>0</PositionY>
		<ChildrenDesignRelative>1</ChildrenDesignRelative>
	</asset>
	<asset>
		<Identifier>ChatPrivateContactsLabelTextTitle</Identifier>
		<FileFormat>ttf</FileFormat>
		<SizeX>420</SizeX>
		<SizeY>40</SizeY>
		<PositionX>0</PositionX>
		<PositionY>265</PositionY>
		<FontType>RobotoCondensed-Bold</FontType>
		<FontSize>30</FontSize>
		<FontColor>255,255,0</FontColor>
		<TextAlignment>Center</TextAlignment>
		<TextAlignmentVertical>Top</TextAlignmentVertical>
		<ZOrder>4</ZOrder>
	</asset>
	<asset>
		<Identifier>ChatPrivateContactsLabelTextContent</Identifier>
		<FileFormat>ttf</FileFormat>
		<SizeX>250</SizeX>
		<SizeY>60</SizeY>
		<PositionX>0</PositionX>
		<PositionY>220</PositionY>
		<FontType>RobotoCondensed-Regular</FontType>
		<FontSize>20</FontSize>
		<FontColor>255,255,255</FontColor>
		<TextAlignment>Center</TextAlignment>
		<TextAlignmentVertical>Top</TextAlignmentVertical>
		<ZOrder>5</ZOrder>
	</asset>
	<asset>
		<Identifier>ChatPrivateContactsButtonBack</Identifier>
		<FilenameVariance>ButtonBack</FilenameVariance>
		<FileFormat>png</FileFormat>
		<PositionX>-180</PositionX>
		<PositionY>284</PositionY>
		<ResourceFolder>Common</ResourceFolder>
		<ZOrder>4</ZOrder>
		<SelectedImage>1</SelectedImage>
		<ButtonClickSound>GuiButton.mp3</ButtonClickSound>
	</asset>
	<asset>
		<Identifier>ChatPrivateContactsLabelTextBack</Identifier>
		<FileFormat>ttf</FileFormat>
		<SizeX>150</SizeX>
		<SizeY>20</SizeY>
		<PositionX>-180</PositionX>
		<PositionY>242</PositionY>
		<FontType>RobotoCondensed-Bold</FontType>
		<FontSize>16</FontSize>
		<FontColor>255,255,255</FontColor>
		<TextAlignment>Center</TextAlignment>
		<TextAlignmentVertical>Top</TextAlignmentVertical>
		<ZOrder>5</ZOrder>
	</asset>
	<asset>
		<Identifier>ChatPrivateContactsEditTextSearch</Identifier>
		<FilenameVariance>GraphicEditText</FilenameVariance>
		<FileFormat>png</FileFormat>
		<SizeX>173</SizeX>
		<SizeY>27</SizeY>
		<PositionX>-35</PositionX>
		<PositionY>-325</PositionY>
		<FontType>RobotoCondensed-Regular</FontType>
		<FontSize>20</FontSize>
		<FontColor>120,120,120</FontColor>
		<TextAlignment>Center</TextAlignment>
		<TextAlignmentVertical>Center</TextAlignmentVertical>
		<ResourceFolder>Common</ResourceFolder>
		<ZOrder>6</ZOrder>
	</asset>
	<asset>
		<Identifier>ChatPrivateContactsGraphicEditTextBackground</Identifier>
		<FilenameVariance>GraphicEditTextBackground</FilenameVariance>
		<FileFormat>png</FileFormat>
		<PositionX>0</PositionX>
		<PositionY>-325</PositionY>
		<ResourceFolder>Common</ResourceFolder>
		<ZOrder>1</ZOrder>
	</asset>
	<asset>
		<Identifier>ChatPrivateContactsLabelTextLoadOlderData*</Identifier>
		<FileFormat>ttf</FileFormat>
		<SizeX>150</SizeX>
		<SizeY>30</SizeY>
		<PositionX>0</PositionX>
		<PositionY>0</PositionY>
		<FontType>RobotoCondensed-Regular</FontType>
		<FontSize>20</FontSize>
		<FontColor>120,120,120</FontColor>
		<TextAlignment>Center</TextAlignment>
		<TextAlignmentVertical>Center</TextAlignmentVertical>
		<ZOrder>3</ZOrder>
	</asset>
	<asset>
		<Identifier>ChatPrivateContactsButtonLoadOlderData*</Identifier>
		<FilenameVariance>ButtonStandardMenu</FilenameVariance>
		<FileFormat>png</FileFormat>
		<PositionX>0</PositionX>
		<PositionY>0</PositionY>
		<ResourceFolder>Common</ResourceFolder>
		<ZOrder>1</ZOrder>
	</asset>
</assets>
