<?xml version="1.0" encoding="ISO-8859-1"?>
<assets>
	<asset>
		<Identifier>Self</Identifier>
		<PositionX>0</PositionX>
		<PositionY>0</PositionY>
		<ChildrenDesignRelative>1</ChildrenDesignRelative>
	</asset>
	<asset>
		<Identifier>FacebookIsNotConnectedFirstTimeLabelTextTitleFacebook</Identifier>
		<FileFormat>ttf</FileFormat>
		<SizeX>250</SizeX>
		<SizeY>50</SizeY>
		<PositionX>70</PositionX>
		<PositionY>10000</PositionY>
		<FontType>RobotoCondensed-Regular</FontType>
		<FontSize>18</FontSize>
		<FontColor>255,255,255</FontColor>
		<TextAlignment>Left</TextAlignment>
		<TextAlignmentVertical>Center</TextAlignmentVertical>
		<ZOrder>5</ZOrder>
	</asset>
	<asset>
		<Identifier>FacebookIsNotConnectedFirstTimeToggleButtonFacebook</Identifier>
		<FilenameVariance>ButtonToggle</FilenameVariance>
		<FileFormat>png</FileFormat>
		<PositionX>-145</PositionX>
		<PositionY>10000</PositionY>
		<ResourceFolder>Common</ResourceFolder>
		<ZOrder>4</ZOrder>
		<SelectedImage>1</SelectedImage>
		<ButtonClickSound>GuiButton.mp3</ButtonClickSound>
	</asset>
	<asset>
		<Identifier>FacebookIsNotConnectedFirstTimeGraphicFacebook</Identifier>
		<FilenameVariance>GraphicFacebook</FilenameVariance>
		<FileFormat>png</FileFormat>
		<PositionX>-90</PositionX>
		<PositionY>10000</PositionY>
		<ResourceFolder>Common</ResourceFolder>
		<ZOrder>0</ZOrder>
	</asset>
	<asset>
		<Identifier>FacebookIsNotConnectedFirstTimeLabelTextRewardTitle</Identifier>
		<FileFormat>ttf</FileFormat>
		<SizeX>250</SizeX>
		<SizeY>50</SizeY>
		<PositionX>70</PositionX>
		<PositionY>-10000</PositionY>
		<FontType>RobotoCondensed-Regular</FontType>
		<FontSize>18</FontSize>
		<FontColor>255,255,255</FontColor>
		<TextAlignment>Left</TextAlignment>
		<TextAlignmentVertical>Center</TextAlignmentVertical>
		<ZOrder>5</ZOrder>
	</asset>
	<asset>
		<Identifier>FacebookIsNotConnectedFirstTimeLabelTextReward</Identifier>
		<FileFormat>ttf</FileFormat>
		<SizeX>120</SizeX>
		<SizeY>24</SizeY>
		<PositionX>190</PositionX>
		<PositionY>-10000</PositionY>
		<FontType>RobotoCondensed-Regular</FontType>
		<FontSize>18</FontSize>
		<FontColor>255,255,255</FontColor>
		<TextAlignment>Left</TextAlignment>
		<TextAlignmentVertical>Center</TextAlignmentVertical>
		<ZOrder>5</ZOrder>
	</asset>
	<asset>
		<Identifier>FacebookIsNotConnectedFirstTimeLabelTextRewardValue</Identifier>
		<FileFormat>ttf</FileFormat>
		<SizeX>120</SizeX>
		<SizeY>24</SizeY>
		<PositionX>30</PositionX>
		<PositionY>-10000</PositionY>
		<FontType>EurostileTBla</FontType>
		<FontSize>20</FontSize>
		<FontColor>255,174,0</FontColor>
		<TextAlignment>Right</TextAlignment>
		<TextAlignmentVertical>Center</TextAlignmentVertical>
		<ZOrder>5</ZOrder>
	</asset>
	<asset>
		<Identifier>FacebookIsNotConnectedFirstTimeGraphicFunds</Identifier>
		<FilenameVariance>GraphicFunds</FilenameVariance>
		<FileFormat>png</FileFormat>
		<PositionX>110</PositionX>
		<PositionY>-10000</PositionY>
		<ResourceFolder>Common</ResourceFolder>
		<ZOrder>0</ZOrder>
	</asset>
</assets>
