<?xml version="1.0" encoding="ISO-8859-1"?>
<assets>
	<asset>
		<Identifier>Self</Identifier>
		<PositionX>0</PositionX>
		<PositionY>0</PositionY>
		<ChildrenDesignRelative>1</ChildrenDesignRelative>
	</asset>
	<asset>
		<Identifier>GameCenterIsNotConnectedLabelTextTitleGameCenter</Identifier>
		<FileFormat>ttf</FileFormat>
		<SizeX>250</SizeX>
		<SizeY>50</SizeY>
		<PositionX>70</PositionX>
		<PositionY>10000</PositionY>
		<FontType>RobotoCondensed-Regular</FontType>
		<FontSize>18</FontSize>
		<FontColor>255,255,255</FontColor>
		<TextAlignment>Left</TextAlignment>
		<TextAlignmentVertical>Center</TextAlignmentVertical>
		<ZOrder>5</ZOrder>
	</asset>
	<asset>
		<Identifier>GameCenterIsNotConnectedToggleButtonGameCenter</Identifier>
		<FilenameVariance>ButtonToggle</FilenameVariance>
		<FileFormat>png</FileFormat>
		<PositionX>-145</PositionX>
		<PositionY>10000</PositionY>
		<ResourceFolder>Common</ResourceFolder>
		<ZOrder>4</ZOrder>
		<SelectedImage>1</SelectedImage>
		<ButtonClickSound>GuiButton.mp3</ButtonClickSound>
	</asset>
	<asset>
		<Identifier>GameCenterIsNotConnectedGraphicGameCenter</Identifier>
		<FilenameVariance>GraphicGameCenter</FilenameVariance>
		<FileFormat>png</FileFormat>
		<PositionX>-90</PositionX>
		<PositionY>10000</PositionY>
		<ResourceFolder>Common</ResourceFolder>
		<ZOrder>0</ZOrder>
	</asset>
</assets>
