<?xml version="1.0" encoding="ISO-8859-1"?>
<assets>
	<asset>
		<Identifier>Self</Identifier>
		<PositionX>0</PositionX>
		<PositionY>2</PositionY>
		<ChildrenDesignRelative>1</ChildrenDesignRelative>
	</asset>
	<asset>
		<Identifier>HeaderChargesLabelTextChargesTitle</Identifier>
		<FileFormat>ttf</FileFormat>
		<SizeX>80</SizeX>
		<SizeY>20</SizeY>
		<PositionX>0</PositionX>
		<PositionY>-7</PositionY>
		<FontType>RobotoCondensed-Bold</FontType>
		<FontSize>16</FontSize>
		<FontColor>177,177,177</FontColor>
		<TextAlignment>Center</TextAlignment>
		<TextAlignmentVertical>Center</TextAlignmentVertical>
		<ZOrder>2</ZOrder>
	</asset>
	<asset>
		<Identifier>HeaderChargesGraphicCharges</Identifier>
		<FilenameVariance>GraphicCharges</FilenameVariance>
		<FileFormat>png</FileFormat>
		<PositionX>-48</PositionX>
		<PositionY>15</PositionY>
		<ResourceFolder>Common</ResourceFolder>
		<ZOrder>2</ZOrder>
	</asset>
	<asset>
		<Identifier>HeaderChargesLabelTextChargesValue</Identifier>
		<FileFormat>ttf</FileFormat>
		<SizeX>220</SizeX>
		<SizeY>30</SizeY>
		<PositionX>82</PositionX>
		<PositionY>16</PositionY>
		<FontType>RobotoCondensed-Regular</FontType>
		<FontSize>24</FontSize>
		<FontColor>0,117,170</FontColor>
		<TextAlignment>Left</TextAlignment>
		<TextAlignmentVertical>Center</TextAlignmentVertical>
		<ZOrder>2</ZOrder>
	</asset>
	<asset>
		<Identifier>HeaderChargesLabelTextChargesPayoff</Identifier>
		<FileFormat>ttf</FileFormat>
		<SizeX>180</SizeX>
		<SizeY>20</SizeY>
		<PositionX>0</PositionX>
		<PositionY>-21</PositionY>
		<FontType>RobotoCondensed-Regular</FontType>
		<FontSize>12</FontSize>
		<FontColor>0,117,170</FontColor>
		<TextAlignment>Center</TextAlignment>
		<TextAlignmentVertical>Center</TextAlignmentVertical>
		<ZOrder>2</ZOrder>
	</asset>
</assets>
