<?xml version="1.0" encoding="ISO-8859-1"?>
<assets>
	<asset>
		<Identifier>Self</Identifier>
		<PositionX>133</PositionX>
		<PositionY>10</PositionY>
		<ChildrenDesignRelative>1</ChildrenDesignRelative>
	</asset>
	<asset>
		<Identifier>HeaderFundsLabelTextFundsTitle</Identifier>
		<FileFormat>ttf</FileFormat>
		<SizeX>80</SizeX>
		<SizeY>30</SizeY>
		<PositionX>45</PositionX>
		<PositionY>-14</PositionY>
		<FontType>RobotoCondensed-Bold</FontType>
		<FontSize>16</FontSize>
		<FontColor>177,177,177</FontColor>
		<TextAlignment>Right</TextAlignment>
		<TextAlignmentVertical>Center</TextAlignmentVertical>
		<ZOrder>2</ZOrder>
	</asset>
	<asset>
		<Identifier>HeaderFundsGraphicFunds</Identifier>
		<FilenameVariance>GraphicFunds</FilenameVariance>
		<FileFormat>png</FileFormat>
		<PositionX>75</PositionX>
		<PositionY>8</PositionY>
		<ResourceFolder>Common</ResourceFolder>
		<ZOrder>2</ZOrder>
	</asset>
	<asset>
		<Identifier>HeaderFundsLabelTextFundsValue</Identifier>
		<FileFormat>ttf</FileFormat>
		<SizeX>300</SizeX>
		<SizeY>30</SizeY>
		<PositionX>-90</PositionX>
		<PositionY>8</PositionY>
		<FontType>RobotoCondensed-Regular</FontType>
		<FontSize>24</FontSize>
		<FontColor>0,117,170</FontColor>
		<TextAlignment>Right</TextAlignment>
		<TextAlignmentVertical>Center</TextAlignmentVertical>
		<ZOrder>2</ZOrder>
	</asset>
</assets>
