<?xml version="1.0" encoding="ISO-8859-1"?>
<assets>
	<asset>
		<Identifier>Self</Identifier>
		<PositionX>0</PositionX>
		<PositionY>2</PositionY>
		<ChildrenDesignRelative>1</ChildrenDesignRelative>
	</asset>
	<asset>
		<Identifier>HeaderChargesEndlessLabelTextChargesTitle</Identifier>
		<FileFormat>ttf</FileFormat>
		<SizeX>80</SizeX>
		<SizeY>20</SizeY>
		<PositionX>0</PositionX>
		<PositionY>-7</PositionY>
		<FontType>RobotoCondensed-Bold</FontType>
		<FontSize>16</FontSize>
		<FontColor>177,177,177</FontColor>
		<TextAlignment>Center</TextAlignment>
		<TextAlignmentVertical>Center</TextAlignmentVertical>
		<ZOrder>2</ZOrder>
	</asset>
	<asset>
		<Identifier>HeaderChargesEndlessGraphicCharges</Identifier>
		<FilenameVariance>GraphicCharges</FilenameVariance>
		<FileFormat>png</FileFormat>
		<PositionX>-47</PositionX>
		<PositionY>15</PositionY>
		<ResourceFolder>Common</ResourceFolder>
		<ZOrder>2</ZOrder>
	</asset>
	<asset>
		<Identifier>HeaderChargesEndlessGraphicEndless</Identifier>
		<FilenameVariance>GraphicEndless</FilenameVariance>
		<FileFormat>png</FileFormat>
		<PositionX>0</PositionX>
		<PositionY>15</PositionY>
		<ResourceFolder>Common</ResourceFolder>
		<ZOrder>2</ZOrder>
	</asset>
</assets>
