<?xml version="1.0" encoding="ISO-8859-1"?>
<assets>
	<asset>
		<Identifier>Self</Identifier>
		<PositionX>0</PositionX>
		<PositionY>0</PositionY>
		<ChildrenDesignRelative>1</ChildrenDesignRelative>
	</asset>
	<asset>
		<Identifier>HighscoresTabFacebookLabelTextGlobal</Identifier>
		<FileFormat>ttf</FileFormat>
		<SizeX>200</SizeX>
		<SizeY>30</SizeY>
		<PositionX>-8000</PositionX>
		<PositionY>-280</PositionY>
		<FontType>RobotoCondensed-Bold</FontType>
		<FontSize>16</FontSize>
		<FontColor>0,117,170</FontColor>
		<TextAlignment>Center</TextAlignment>
		<TextAlignmentVertical>Center</TextAlignmentVertical>
		<ZOrder>6</ZOrder>
	</asset>
	<asset>
		<Identifier>HighscoresTabFacebookButtonTabGlobal</Identifier>
		<FilenameVariance>ButtonTab</FilenameVariance>
		<FileFormat>png</FileFormat>
		<PositionX>-8000</PositionX>
		<PositionY>-280</PositionY>
		<ResourceFolder>Common</ResourceFolder>
		<ZOrder>5</ZOrder>
		<ButtonClickSound>GuiButton.mp3</ButtonClickSound>
	</asset>
	<asset>
		<Identifier>HighscoresTabFacebookLabelTextFacebook</Identifier>
		<FileFormat>ttf</FileFormat>
		<SizeX>200</SizeX>
		<SizeY>30</SizeY>
		<PositionX>8000</PositionX>
		<PositionY>-280</PositionY>
		<FontType>RobotoCondensed-Bold</FontType>
		<FontSize>16</FontSize>
		<FontColor>0,117,170</FontColor>
		<TextAlignment>Center</TextAlignment>
		<TextAlignmentVertical>Center</TextAlignmentVertical>
		<ZOrder>6</ZOrder>
	</asset>
	<asset>
		<Identifier>HighscoresTabFacebookGraphicTabFacebook</Identifier>
		<FilenameVariance>ButtonTabSelected</FilenameVariance>
		<FileFormat>png</FileFormat>
		<PositionX>8000</PositionX>
		<PositionY>-280</PositionY>
		<ResourceFolder>Common</ResourceFolder>
		<ZOrder>5</ZOrder>
	</asset>
	<asset>
		<Identifier>HighscoresTabFacebookLabelTextPlayerPositionTitle</Identifier>
		<FileFormat>ttf</FileFormat>
		<SizeX>410</SizeX>
		<SizeY>30</SizeY>
		<PositionX>0</PositionX>
		<PositionY>240</PositionY>
		<FontType>RobotoCondensed-Regular</FontType>
		<FontSize>20</FontSize>
		<FontColor>255,255,255</FontColor>
		<TextAlignment>Center</TextAlignment>
		<TextAlignmentVertical>Center</TextAlignmentVertical>
		<ZOrder>5</ZOrder>
	</asset>
	<asset>
		<Identifier>HighscoresTabFacebookLabelTextPlayerPositionValue</Identifier>
		<FileFormat>ttf</FileFormat>
		<SizeX>410</SizeX>
		<SizeY>30</SizeY>
		<PositionX>0</PositionX>
		<PositionY>215</PositionY>
		<FontType>RobotoCondensed-Bold</FontType>
		<FontSize>20</FontSize>
		<FontColor>255,255,0</FontColor>
		<TextAlignment>Center</TextAlignment>
		<TextAlignmentVertical>Center</TextAlignmentVertical>
		<ZOrder>5</ZOrder>
	</asset>
	<asset>
		<Identifier>HighscoresTabFacebookLabelTextPosition</Identifier>
		<FileFormat>ttf</FileFormat>
		<SizeX>80</SizeX>
		<SizeY>30</SizeY>
		<PositionX>-130</PositionX>
		<PositionY>152</PositionY>
		<FontType>RobotoCondensed-Regular</FontType>
		<FontSize>20</FontSize>
		<FontColor>0,117,170</FontColor>
		<TextAlignment>Left</TextAlignment>
		<TextAlignmentVertical>Center</TextAlignmentVertical>
		<ZOrder>5</ZOrder>
	</asset>
	<asset>
		<Identifier>HighscoresTabFacebookLabelTextPlayerName</Identifier>
		<FileFormat>ttf</FileFormat>
		<SizeX>200</SizeX>
		<SizeY>30</SizeY>
		<PositionX>40</PositionX>
		<PositionY>152</PositionY>
		<FontType>RobotoCondensed-Regular</FontType>
		<FontSize>20</FontSize>
		<FontColor>0,117,170</FontColor>
		<TextAlignment>Left</TextAlignment>
		<TextAlignmentVertical>Center</TextAlignmentVertical>
		<ZOrder>5</ZOrder>
	</asset>
	<asset>
		<Identifier>HighscoresTabFacebookLabelTextPoints</Identifier>
		<FileFormat>ttf</FileFormat>
		<SizeX>80</SizeX>
		<SizeY>30</SizeY>
		<PositionX>130</PositionX>
		<PositionY>152</PositionY>
		<FontType>RobotoCondensed-Regular</FontType>
		<FontSize>20</FontSize>
		<FontColor>0,117,170</FontColor>
		<TextAlignment>Right</TextAlignment>
		<TextAlignmentVertical>Center</TextAlignmentVertical>
		<ZOrder>5</ZOrder>
	</asset>
</assets>
