<?xml version="1.0" encoding="ISO-8859-1"?>
<assets>
	<asset>
		<Identifier>Self</Identifier>
		<PositionX>0</PositionX>
		<PositionY>0</PositionY>
		<ChildrenDesignRelative>1</ChildrenDesignRelative>
	</asset>
	<asset>
		<Identifier>MainMenuGraphicBackgroundFrameChallengePlayer</Identifier>
		<FilenameVariance>GraphicFrameChallengePlayer</FilenameVariance>
		<FileFormat>png</FileFormat>
		<PositionX>0</PositionX>
		<PositionY>-78</PositionY>
		<ResourceFolder>Common</ResourceFolder>
		<ZOrder>1</ZOrder>
	</asset>
	<asset>
		<Identifier>MainMenuGraphicBackground</Identifier>
		<FilenameVariance>GraphicBackgroundMenu</FilenameVariance>
		<FileFormat>jpg</FileFormat>
		<PositionX>0</PositionX>
		<PositionY>0</PositionY>
		<ResourceFolder>Common</ResourceFolder>
		<ZOrder>0</ZOrder>
	</asset>
	<asset>
		<Identifier>MainMenuButtonProfile</Identifier>
		<FilenameVariance>ButtonProfile</FilenameVariance>
		<FileFormat>png</FileFormat>
		<PositionX>-96</PositionX>
		<PositionY>284</PositionY>
		<ResourceFolder>Common</ResourceFolder>
		<ZOrder>4</ZOrder>
		<SelectedImage>1</SelectedImage>
		<DisabledImage>1</DisabledImage>
		<ButtonClickSound>GuiButton.mp3</ButtonClickSound>
	</asset>
	<asset>
		<Identifier>MainMenuLabelTextProfile</Identifier>
		<FileFormat>ttf</FileFormat>
		<SizeX>150</SizeX>
		<SizeY>20</SizeY>
		<PositionX>-96</PositionX>
		<PositionY>242</PositionY>
		<FontType>RobotoCondensed-Bold</FontType>
		<FontSize>16</FontSize>
		<FontColor>255,255,255</FontColor>
		<TextAlignment>Center</TextAlignment>
		<TextAlignmentVertical>Top</TextAlignmentVertical>
		<ZOrder>5</ZOrder>
	</asset>
	<asset>
		<Identifier>MainMenuButtonHighscores</Identifier>
		<FilenameVariance>ButtonHighscore</FilenameVariance>
		<FileFormat>png</FileFormat>
		<PositionX>0</PositionX>
		<PositionY>284</PositionY>
		<ResourceFolder>Common</ResourceFolder>
		<ZOrder>4</ZOrder>
		<SelectedImage>1</SelectedImage>
		<DisabledImage>1</DisabledImage>
		<ButtonClickSound>GuiButton.mp3</ButtonClickSound>
	</asset>
	<asset>
		<Identifier>MainMenuLabelTextHighscores</Identifier>
		<FileFormat>ttf</FileFormat>
		<SizeX>150</SizeX>
		<SizeY>20</SizeY>
		<PositionX>0</PositionX>
		<PositionY>242</PositionY>
		<FontType>RobotoCondensed-Bold</FontType>
		<FontSize>16</FontSize>
		<FontColor>255,255,255</FontColor>
		<TextAlignment>Center</TextAlignment>
		<TextAlignmentVertical>Top</TextAlignmentVertical>
		<ZOrder>5</ZOrder>
	</asset>
	<asset>
		<Identifier>MainMenuButtonChat</Identifier>
		<FilenameVariance>ButtonChat</FilenameVariance>
		<FileFormat>png</FileFormat>
		<PositionX>96</PositionX>
		<PositionY>284</PositionY>
		<ResourceFolder>Common</ResourceFolder>
		<ZOrder>4</ZOrder>
		<SelectedImage>1</SelectedImage>
		<DisabledImage>1</DisabledImage>
		<ButtonClickSound>GuiButton.mp3</ButtonClickSound>
	</asset>
	<asset>
		<Identifier>MainMenuLabelTextChat</Identifier>
		<FileFormat>ttf</FileFormat>
		<SizeX>150</SizeX>
		<SizeY>20</SizeY>
		<PositionX>96</PositionX>
		<PositionY>242</PositionY>
		<FontType>RobotoCondensed-Bold</FontType>
		<FontSize>16</FontSize>
		<FontColor>255,255,255</FontColor>
		<TextAlignment>Center</TextAlignment>
		<TextAlignmentVertical>Top</TextAlignmentVertical>
		<ZOrder>5</ZOrder>
	</asset>
	<asset>
		<Identifier>MainMenuButtonNewMatch</Identifier>
		<FilenameVariance>ButtonStandardAcceptBig</FilenameVariance>
		<FileFormat>png</FileFormat>
		<PositionX>0</PositionX>
		<PositionY>173</PositionY>
		<ResourceFolder>Common</ResourceFolder>
		<ZOrder>4</ZOrder>
		<SelectedImage>1</SelectedImage>
		<DisabledImage>1</DisabledImage>
		<ButtonClickSound>GuiButton.mp3</ButtonClickSound>
	</asset>
	<asset>
		<Identifier>MainMenuLabelTextNewMatch</Identifier>
		<FileFormat>ttf</FileFormat>
		<SizeX>300</SizeX>
		<SizeY>40</SizeY>
		<PositionX>0</PositionX>
		<PositionY>176</PositionY>
		<FontType>RobotoCondensed-Bold</FontType>
		<FontSize>30</FontSize>
		<FontColor>0,117,170</FontColor>
		<TextAlignment>Center</TextAlignment>
		<TextAlignmentVertical>Center</TextAlignmentVertical>
		<ZOrder>6</ZOrder>
	</asset>
	<asset>
		<Identifier>MainMenuButtonPurchaseMarket</Identifier>
		<FilenameVariance>ButtonPurchase</FilenameVariance>
		<FileFormat>png</FileFormat>
		<PositionX>-180</PositionX>
		<PositionY>278</PositionY>
		<ResourceFolder>Common</ResourceFolder>
		<ZOrder>4</ZOrder>
		<SelectedImage>1</SelectedImage>
		<DisabledImage>1</DisabledImage>
		<ButtonClickSound>GuiButton.mp3</ButtonClickSound>
	</asset>
	<asset>
		<Identifier>MainMenuLabelTextPurchaseMarket</Identifier>
		<FileFormat>ttf</FileFormat>
		<SizeX>100</SizeX>
		<SizeY>20</SizeY>
		<PositionX>-180</PositionX>
		<PositionY>242</PositionY>
		<FontType>RobotoCondensed-Bold</FontType>
		<FontSize>16</FontSize>
		<FontColor>255,255,255</FontColor>
		<TextAlignment>Center</TextAlignment>
		<TextAlignmentVertical>Center</TextAlignmentVertical>
		<ZOrder>5</ZOrder>
	</asset>
	<asset>
		<Identifier>MainMenuButtonPurchaseFunds</Identifier>
		<FilenameVariance>ButtonBank</FilenameVariance>
		<FileFormat>png</FileFormat>
		<PositionX>180</PositionX>
		<PositionY>275</PositionY>
		<ResourceFolder>Common</ResourceFolder>
		<ZOrder>4</ZOrder>
		<SelectedImage>1</SelectedImage>
		<DisabledImage>1</DisabledImage>
		<ButtonClickSound>GuiButton.mp3</ButtonClickSound>
	</asset>
	<asset>
		<Identifier>MainMenuLabelTextPurchaseFunds</Identifier>
		<FileFormat>ttf</FileFormat>
		<SizeX>100</SizeX>
		<SizeY>20</SizeY>
		<PositionX>180</PositionX>
		<PositionY>242</PositionY>
		<FontType>RobotoCondensed-Bold</FontType>
		<FontSize>16</FontSize>
		<FontColor>255,255,255</FontColor>
		<TextAlignment>Center</TextAlignment>
		<TextAlignmentVertical>Center</TextAlignmentVertical>
		<ZOrder>5</ZOrder>
	</asset>
	<asset>
		<Identifier>MainMenuButtonSettings</Identifier>
		<FilenameVariance>ButtonSettingsSmall</FilenameVariance>
		<FileFormat>png</FileFormat>
		<PositionX>190</PositionX>
		<PositionY>-370</PositionY>
		<ResourceFolder>Common</ResourceFolder>
		<ZOrder>4</ZOrder>
		<SelectedImage>1</SelectedImage>
		<DisabledImage>1</DisabledImage>
		<ButtonClickSound>GuiButton.mp3</ButtonClickSound>
	</asset>
	<asset>
		<Identifier>MainMenuCustomAssetStatusAlertDiscount</Identifier>
		<FilenameVariance>AnimationDiscount</FilenameVariance>
		<FileFormat>png</FileFormat>
		<PositionX>195</PositionX>
		<PositionY>190</PositionY>
		<ResourceFolder>Common</ResourceFolder>
		<ZOrder>4</ZOrder>
	</asset>
	<asset>
		<Identifier>MainMenuCustomAssetStatusAlertNewMessage</Identifier>
		<FilenameVariance>AnimationNewMessage</FilenameVariance>
		<FileFormat>png</FileFormat>
		<PositionX>195</PositionX>
		<PositionY>290</PositionY>
		<ResourceFolder>Common</ResourceFolder>
		<ZOrder>4</ZOrder>
	</asset>
	<asset>
		<Identifier>MainMenuCustomAssetClippingMaskMatches</Identifier>
		<SizeX>450</SizeX>
		<SizeY>430</SizeY>
		<PositionX>0</PositionX>
		<PositionY>-95</PositionY>
	</asset>
	<asset>
		<Identifier>MainMenuCustomAssetPaddingMatches</Identifier>
		<SizeX>0</SizeX>
		<SizeY>0</SizeY>
		<PositionX>0</PositionX>
		<PositionY>0</PositionY>
	</asset>
	<asset>
		<Identifier>MainMenuLabelTextLoadOlderData*</Identifier>
		<FileFormat>ttf</FileFormat>
		<SizeX>150</SizeX>
		<SizeY>30</SizeY>
		<PositionX>0</PositionX>
		<PositionY>0</PositionY>
		<FontType>RobotoCondensed-Regular</FontType>
		<FontSize>20</FontSize>
		<FontColor>0,117,170</FontColor>
		<TextAlignment>Center</TextAlignment>
		<TextAlignmentVertical>Center</TextAlignmentVertical>
		<ZOrder>3</ZOrder>
	</asset>
	<asset>
		<Identifier>MainMenuButtonLoadOlderData*</Identifier>
		<FilenameVariance>ButtonStandardMenu</FilenameVariance>
		<FileFormat>png</FileFormat>
		<PositionX>0</PositionX>
		<PositionY>0</PositionY>
		<ResourceFolder>Common</ResourceFolder>
		<ZOrder>1</ZOrder>
		<ButtonClickSound>GuiButton.mp3</ButtonClickSound>
	</asset>
</assets>
