<?xml version="1.0" encoding="ISO-8859-1"?>
<assets>
	<asset>
		<Identifier>Self</Identifier>
		<PositionX>0</PositionX>
		<PositionY>0</PositionY>
		<ChildrenDesignRelative>1</ChildrenDesignRelative>
	</asset>
	<asset>
		<Identifier>MainMenuMatchesClosedMatchLabelTextStatusTitle</Identifier>
		<FileFormat>system</FileFormat>
		<SizeX>300</SizeX>
		<SizeY>30</SizeY>
		<PositionX>0</PositionX>
		<PositionY>12</PositionY>
		<FontType>RobotoCondensed-Regular</FontType>
		<FontSize>16</FontSize>
		<FontColor>180,180,180</FontColor>
		<TextAlignment>Center</TextAlignment>
		<TextAlignmentVertical>Center</TextAlignmentVertical>
		<ZOrder>3</ZOrder>
	</asset>
	<asset>
		<Identifier>MainMenuMatchesClosedMatchButtonStatusLost</Identifier>
		<FilenameVariance>GraphicStatusLost</FilenameVariance>
		<FileFormat>png</FileFormat>
		<PositionX>170</PositionX>
		<PositionY>0</PositionY>
		<ResourceFolder>Common</ResourceFolder>
		<ZOrder>5</ZOrder>
		<SelectedImage>1</SelectedImage>
		<ButtonClickSound>GuiButton.mp3</ButtonClickSound>
	</asset>
	<asset>
		<Identifier>MainMenuMatchesClosedMatchLabelTextStatusLost</Identifier>
		<FileFormat>ttf</FileFormat>
		<SizeX>300</SizeX>
		<SizeY>30</SizeY>
		<PositionX>0</PositionX>
		<PositionY>-8</PositionY>
		<FontType>RobotoCondensed-Bold</FontType>
		<FontSize>20</FontSize>
		<FontColor>120,120,120</FontColor>
		<TextAlignment>Center</TextAlignment>
		<TextAlignmentVertical>Center</TextAlignmentVertical>
		<ZOrder>3</ZOrder>
	</asset>
	<asset>
		<Identifier>MainMenuMatchesClosedMatchButtonStatusWon</Identifier>
		<FilenameVariance>GraphicStatusWon</FilenameVariance>
		<FileFormat>png</FileFormat>
		<PositionX>170</PositionX>
		<PositionY>0</PositionY>
		<ResourceFolder>Common</ResourceFolder>
		<ZOrder>5</ZOrder>
		<SelectedImage>1</SelectedImage>
		<ButtonClickSound>GuiButton.mp3</ButtonClickSound>
	</asset>
	<asset>
		<Identifier>MainMenuMatchesClosedMatchLabelTextStatusWon</Identifier>
		<FileFormat>ttf</FileFormat>
		<SizeX>300</SizeX>
		<SizeY>30</SizeY>
		<PositionX>0</PositionX>
		<PositionY>-8</PositionY>
		<FontType>RobotoCondensed-Bold</FontType>
		<FontSize>20</FontSize>
		<FontColor>120,120,120</FontColor>
		<TextAlignment>Center</TextAlignment>
		<TextAlignmentVertical>Center</TextAlignmentVertical>
		<ZOrder>3</ZOrder>
	</asset>
	<asset>
		<Identifier>MainMenuMatchesClosedMatchButtonStatusDraw</Identifier>
		<FilenameVariance>GraphicStatusDraw</FilenameVariance>
		<FileFormat>png</FileFormat>
		<PositionX>170</PositionX>
		<PositionY>0</PositionY>
		<ResourceFolder>Common</ResourceFolder>
		<ZOrder>5</ZOrder>
		<SelectedImage>1</SelectedImage>
		<ButtonClickSound>GuiButton.mp3</ButtonClickSound>
	</asset>
	<asset>
		<Identifier>MainMenuMatchesClosedMatchLabelTextStatusDraw</Identifier>
		<FileFormat>ttf</FileFormat>
		<SizeX>300</SizeX>
		<SizeY>30</SizeY>
		<PositionX>0</PositionX>
		<PositionY>-8</PositionY>
		<FontType>RobotoCondensed-Bold</FontType>
		<FontSize>20</FontSize>
		<FontColor>120,120,120</FontColor>
		<TextAlignment>Center</TextAlignment>
		<TextAlignmentVertical>Center</TextAlignmentVertical>
		<ZOrder>3</ZOrder>
	</asset>
	<asset>
		<Identifier>MainMenuMatchesClosedMatchButtonStatusTimeOut</Identifier>
		<FilenameVariance>GraphicStatusDraw</FilenameVariance>
		<FileFormat>png</FileFormat>
		<PositionX>170</PositionX>
		<PositionY>0</PositionY>
		<ResourceFolder>Common</ResourceFolder>
		<ZOrder>5</ZOrder>
		<SelectedImage>1</SelectedImage>
		<ButtonClickSound>GuiButton.mp3</ButtonClickSound>
	</asset>
	<asset>
		<Identifier>MainMenuMatchesClosedMatchLabelTextStatusTimeOut</Identifier>
		<FileFormat>ttf</FileFormat>
		<SizeX>300</SizeX>
		<SizeY>30</SizeY>
		<PositionX>0</PositionX>
		<PositionY>-8</PositionY>
		<FontType>RobotoCondensed-Bold</FontType>
		<FontSize>20</FontSize>
		<FontColor>120,120,120</FontColor>
		<TextAlignment>Center</TextAlignment>
		<TextAlignmentVertical>Center</TextAlignmentVertical>
		<ZOrder>3</ZOrder>
	</asset>
	<asset>
		<Identifier>MainMenuMatchesClosedMatchButtonPlayer</Identifier>
		<FilenameVariance>ButtonStandardMenu</FilenameVariance>
		<FileFormat>png</FileFormat>
		<PositionX>0</PositionX>
		<PositionY>0</PositionY>
		<ResourceFolder>Common</ResourceFolder>
		<ZOrder>1</ZOrder>
		<SelectedImage>1</SelectedImage>
	</asset>
	<asset>
		<Identifier>MainMenuMatchesClosedMatchGraphicOpponentAvatar*</Identifier>
		<FileFormat>jpg</FileFormat>
		<PositionX>-17000</PositionX>
		<PositionY>0</PositionY>
		<ResourceFolder>Common</ResourceFolder>
		<ZOrder>3</ZOrder>
	</asset>
	<asset>
		<Identifier>MainMenuMatchesClosedMatchButtonOpponentAvatar</Identifier>
		<FilenameVariance>ButtonAvatar</FilenameVariance>
		<FileFormat>png</FileFormat>
		<PositionX>-17000</PositionX>
		<PositionY>0</PositionY>
		<ResourceFolder>Common</ResourceFolder>
		<ZOrder>2</ZOrder>
		<SelectedImage>1</SelectedImage>
		<ButtonClickSound>GuiButton.mp3</ButtonClickSound>
	</asset>
</assets>
