<?xml version="1.0" encoding="ISO-8859-1"?>
<assets>
	<asset>
		<Identifier>Self</Identifier>
		<PositionX>0</PositionX>
		<PositionY>0</PositionY>
		<ChildrenDesignRelative>1</ChildrenDesignRelative>
	</asset>
	<asset>
		<Identifier>MainMenuFirstStartGraphicPortraitElton</Identifier>
		<FilenameVariance>GraphicEltonFull</FilenameVariance>
		<FileFormat>png</FileFormat>
		<PositionX>88000</PositionX>
		<PositionY>-132</PositionY>
		<ResourceFolder>Common</ResourceFolder>
		<ZOrder>5</ZOrder>
	</asset>
	<asset>
		<Identifier>MainMenuFirstStartLabelTextFirstLine</Identifier>
		<FileFormat>ttf</FileFormat>
		<SizeX>220</SizeX>
		<SizeY>30</SizeY>
		<PositionX>0</PositionX>
		<PositionY>65</PositionY>
		<FontType>RobotoCondensed-Regular</FontType>
		<FontSize>20</FontSize>
		<FontColor>50,50,50</FontColor>
		<TextAlignment>Center</TextAlignment>
		<TextAlignmentVertical>Top</TextAlignmentVertical>
		<ZOrder>4</ZOrder>
	</asset>
	<asset>
		<Identifier>MainMenuFirstStartLabelTextBrand</Identifier>
		<FileFormat>ttf</FileFormat>
		<SizeX>220</SizeX>
		<SizeY>30</SizeY>
		<PositionX>0</PositionX>
		<PositionY>40</PositionY>
		<FontType>RobotoCondensed-Bold</FontType>
		<FontSize>20</FontSize>
		<FontColor>50,50,50</FontColor>
		<TextAlignment>Center</TextAlignment>
		<TextAlignmentVertical>Top</TextAlignmentVertical>
		<ZOrder>4</ZOrder>
	</asset>
	<asset>
		<Identifier>MainMenuFirstStartLabelTextContent</Identifier>
		<FileFormat>ttf</FileFormat>
		<SizeX>220</SizeX>
		<SizeY>200</SizeY>
		<PositionX>0</PositionX>
		<PositionY>-100</PositionY>
		<FontType>RobotoCondensed-Regular</FontType>
		<FontSize>20</FontSize>
		<FontColor>50,50,50</FontColor>
		<TextAlignment>Center</TextAlignment>
		<TextAlignmentVertical>Top</TextAlignmentVertical>
		<ZOrder>4</ZOrder>
	</asset>
	<asset>
		<Identifier>MainMenuFirstStartGraphicSpeechBubble</Identifier>
		<FilenameVariance>GraphicSpeechBubble</FilenameVariance>
		<FileFormat>png</FileFormat>
		<PositionX>0</PositionX>
		<PositionY>-40</PositionY>
		<ResourceFolder>Common</ResourceFolder>
		<ZOrder>3</ZOrder>
	</asset>
</assets>
