<?xml version="1.0" encoding="ISO-8859-1"?>
<assets>
	<asset>
		<Identifier>Self</Identifier>
		<PositionX>0</PositionX>
		<PositionY>0</PositionY>
		<ChildrenDesignRelative>1</ChildrenDesignRelative>
	</asset>
	<asset>
		<Identifier>MatchResultNotAvailableLabelTextTitle</Identifier>
		<FileFormat>ttf</FileFormat>
		<SizeX>400</SizeX>
		<SizeY>50</SizeY>
		<PositionX>0</PositionX>
		<PositionY>20</PositionY>
		<FontType>RobotoCondensed-Bold</FontType>
		<FontSize>30</FontSize>
		<FontColor>0,117,170</FontColor>
		<TextAlignment>Center</TextAlignment>
		<TextAlignmentVertical>Center</TextAlignmentVertical>
		<ZOrder>6</ZOrder>
	</asset>
	<asset>
		<Identifier>MatchResultNotAvailableLabelTextContent</Identifier>
		<FileFormat>ttf</FileFormat>
		<SizeX>400</SizeX>
		<SizeY>99</SizeY>
		<PositionX>0</PositionX>
		<PositionY>-40</PositionY>
		<FontType>RobotoCondensed-Regular</FontType>
		<FontSize>20</FontSize>
		<FontColor>0,117,170</FontColor>
		<TextAlignment>Top</TextAlignment>
		<TextAlignmentVertical>Center</TextAlignmentVertical>
		<ZOrder>6</ZOrder>
	</asset>
	<asset>
		<Identifier>MatchResultNotAvailableGraphicBackgroundReward</Identifier>
		<FilenameVariance>GraphicFrameBig</FilenameVariance>
		<FileFormat>png</FileFormat>
		<PositionX>0</PositionX>
		<PositionY>-20</PositionY>
		<ResourceFolder>Common</ResourceFolder>
		<ZOrder>1</ZOrder>
	</asset>
</assets>
