<?xml version="1.0" encoding="ISO-8859-1"?>
<assets>
	<asset>
		<Identifier>Self</Identifier>
		<PositionX>0</PositionX>
		<PositionY>0</PositionY>
		<ChildrenDesignRelative>1</ChildrenDesignRelative>
	</asset>
	<asset>
		<Identifier>MatchResultWonDetailsButtonClose</Identifier>
		<FilenameVariance>ButtonClose</FilenameVariance>
		<FileFormat>png</FileFormat>
		<PositionX>180</PositionX>
		<PositionY>335</PositionY>
		<ResourceFolder>Common</ResourceFolder>
		<ZOrder>4</ZOrder>
		<SelectedImage>1</SelectedImage>
		<ButtonClickSound>GuiButton.mp3</ButtonClickSound>
	</asset>
	<asset>
		<Identifier>MatchResultWonDetailsLabelTextFactorRankingMainTitle</Identifier>
		<FileFormat>ttf</FileFormat>
		<SizeX>360</SizeX>
		<SizeY>40</SizeY>
		<PositionX>0</PositionX>
		<PositionY>300</PositionY>
		<FontType>RobotoCondensed-Bold</FontType>
		<FontSize>20</FontSize>
		<FontColor>50,50,50</FontColor>
		<TextAlignment>Left</TextAlignment>
		<TextAlignmentVertical>Top</TextAlignmentVertical>
		<ZOrder>4</ZOrder>
	</asset>
	<asset>
		<Identifier>MatchResultWonDetailsLabelTextFactorRankingContent</Identifier>
		<FileFormat>ttf</FileFormat>
		<SizeX>360</SizeX>
		<SizeY>40</SizeY>
		<PositionX>0</PositionX>
		<PositionY>260</PositionY>
		<FontType>RobotoCondensed-Regular</FontType>
		<FontSize>16</FontSize>
		<FontColor>50,50,50</FontColor>
		<TextAlignment>Left</TextAlignment>
		<TextAlignmentVertical>Top</TextAlignmentVertical>
		<ZOrder>4</ZOrder>
	</asset>
	<asset>
		<Identifier>MatchResultWonDetailsLabelTextFactorRankingLevelPlayerTitle</Identifier>
		<FileFormat>ttf</FileFormat>
		<SizeX>360</SizeX>
		<SizeY>40</SizeY>
		<PositionX>-80</PositionX>
		<PositionY>220</PositionY>
		<FontType>RobotoCondensed-Regular</FontType>
		<FontSize>20</FontSize>
		<FontColor>50,50,50</FontColor>
		<TextAlignment>Right</TextAlignment>
		<TextAlignmentVertical>Top</TextAlignmentVertical>
		<ZOrder>4</ZOrder>
	</asset>
	<asset>
		<Identifier>MatchResultWonDetailsLabelTextFactorRankingLevelPlayerValue</Identifier>
		<FileFormat>ttf</FileFormat>
		<SizeX>360</SizeX>
		<SizeY>40</SizeY>
		<PositionX>-40</PositionX>
		<PositionY>220</PositionY>
		<FontType>RobotoCondensed-Bold</FontType>
		<FontSize>20</FontSize>
		<FontColor>50,50,50</FontColor>
		<TextAlignment>Right</TextAlignment>
		<TextAlignmentVertical>Top</TextAlignmentVertical>
		<ZOrder>4</ZOrder>
	</asset>
	<asset>
		<Identifier>MatchResultWonDetailsLabelTextFactorRankingLevelOpponentTitle</Identifier>
		<FileFormat>ttf</FileFormat>
		<SizeX>360</SizeX>
		<SizeY>40</SizeY>
		<PositionX>-80</PositionX>
		<PositionY>190</PositionY>
		<FontType>RobotoCondensed-Regular</FontType>
		<FontSize>20</FontSize>
		<FontColor>50,50,50</FontColor>
		<TextAlignment>Right</TextAlignment>
		<TextAlignmentVertical>Top</TextAlignmentVertical>
		<ZOrder>4</ZOrder>
	</asset>
	<asset>
		<Identifier>MatchResultWonDetailsLabelTextFactorRankingLevelOpponentValue</Identifier>
		<FileFormat>ttf</FileFormat>
		<SizeX>360</SizeX>
		<SizeY>40</SizeY>
		<PositionX>-40</PositionX>
		<PositionY>190</PositionY>
		<FontType>RobotoCondensed-Bold</FontType>
		<FontSize>20</FontSize>
		<FontColor>50,50,50</FontColor>
		<TextAlignment>Right</TextAlignment>
		<TextAlignmentVertical>Top</TextAlignmentVertical>
		<ZOrder>4</ZOrder>
	</asset>
	<asset>
		<Identifier>MatchResultWonDetailsLabelTextFactorRankingTitle</Identifier>
		<FileFormat>ttf</FileFormat>
		<SizeX>360</SizeX>
		<SizeY>40</SizeY>
		<PositionX>-80</PositionX>
		<PositionY>160</PositionY>
		<FontType>RobotoCondensed-Regular</FontType>
		<FontSize>20</FontSize>
		<FontColor>50,50,50</FontColor>
		<TextAlignment>Right</TextAlignment>
		<TextAlignmentVertical>Top</TextAlignmentVertical>
		<ZOrder>4</ZOrder>
	</asset>
	<asset>
		<Identifier>MatchResultWonDetailsLabelTextFactorRankingValue</Identifier>
		<FileFormat>ttf</FileFormat>
		<SizeX>360</SizeX>
		<SizeY>40</SizeY>
		<PositionX>-40</PositionX>
		<PositionY>160</PositionY>
		<FontType>RobotoCondensed-Bold</FontType>
		<FontSize>20</FontSize>
		<FontColor>133,61,165</FontColor>
		<TextAlignment>Right</TextAlignment>
		<TextAlignmentVertical>Top</TextAlignmentVertical>
		<ZOrder>4</ZOrder>
	</asset>
	<asset>
		<Identifier>MatchResultWonDetailsLabelTextPointsForVictoryTitle</Identifier>
		<FileFormat>ttf</FileFormat>
		<SizeX>360</SizeX>
		<SizeY>40</SizeY>
		<PositionX>0</PositionX>
		<PositionY>120</PositionY>
		<FontType>RobotoCondensed-Bold</FontType>
		<FontSize>20</FontSize>
		<FontColor>50,50,50</FontColor>
		<TextAlignment>Left</TextAlignment>
		<TextAlignmentVertical>Top</TextAlignmentVertical>
		<ZOrder>4</ZOrder>
	</asset>
	<asset>
		<Identifier>MatchResultWonDetailsLabelTextPointsForVictoryFinalValue</Identifier>
		<FileFormat>ttf</FileFormat>
		<SizeX>360</SizeX>
		<SizeY>40</SizeY>
		<PositionX>-40</PositionX>
		<PositionY>90</PositionY>
		<FontType>RobotoCondensed-Bold</FontType>
		<FontSize>20</FontSize>
		<FontColor>0,90,190</FontColor>
		<TextAlignment>Right</TextAlignment>
		<TextAlignmentVertical>Top</TextAlignmentVertical>
		<ZOrder>4</ZOrder>
	</asset>
	<asset>
		<Identifier>MatchResultWonDetailsLabelTextPointsForVictoryEqual</Identifier>
		<FileFormat>ttf</FileFormat>
		<SizeX>360</SizeX>
		<SizeY>40</SizeY>
		<PositionX>-80</PositionX>
		<PositionY>90</PositionY>
		<FontType>RobotoCondensed-Bold</FontType>
		<FontSize>20</FontSize>
		<FontColor>0,90,190</FontColor>
		<TextAlignment>Right</TextAlignment>
		<TextAlignmentVertical>Top</TextAlignmentVertical>
		<ZOrder>4</ZOrder>
	</asset>
	<asset>
		<Identifier>MatchResultWonDetailsLabelTextPointsForVictoryFactorValue</Identifier>
		<FileFormat>ttf</FileFormat>
		<SizeX>360</SizeX>
		<SizeY>40</SizeY>
		<PositionX>-110</PositionX>
		<PositionY>90</PositionY>
		<FontType>RobotoCondensed-Bold</FontType>
		<FontSize>20</FontSize>
		<FontColor>133,61,165</FontColor>
		<TextAlignment>Right</TextAlignment>
		<TextAlignmentVertical>Top</TextAlignmentVertical>
		<ZOrder>4</ZOrder>
	</asset>
	<asset>
		<Identifier>MatchResultWonDetailsLabelTextPointsForVictoryValue</Identifier>
		<FileFormat>ttf</FileFormat>
		<SizeX>360</SizeX>
		<SizeY>40</SizeY>
		<PositionX>-140</PositionX>
		<PositionY>90</PositionY>
		<FontType>RobotoCondensed-Bold</FontType>
		<FontSize>20</FontSize>
		<FontColor>0,90,190</FontColor>
		<TextAlignment>Right</TextAlignment>
		<TextAlignmentVertical>Top</TextAlignmentVertical>
		<ZOrder>4</ZOrder>
	</asset>
	<asset>
		<Identifier>MatchResultWonDetailsGraphicPointsForVictory</Identifier>
		<FilenameVariance>GraphicScorePoints</FilenameVariance>
		<FileFormat>png</FileFormat>
		<PositionX>155</PositionX>
		<PositionY>95</PositionY>
		<ResourceFolder>Common</ResourceFolder>
		<ZOrder>7</ZOrder>
	</asset>
	<asset>
		<Identifier>MatchResultWonDetailsLabelTextPointsForAnswersTitle</Identifier>
		<FileFormat>ttf</FileFormat>
		<SizeX>360</SizeX>
		<SizeY>40</SizeY>
		<PositionX>0</PositionX>
		<PositionY>50</PositionY>
		<FontType>RobotoCondensed-Bold</FontType>
		<FontSize>20</FontSize>
		<FontColor>50,50,50</FontColor>
		<TextAlignment>Left</TextAlignment>
		<TextAlignmentVertical>Top</TextAlignmentVertical>
		<ZOrder>4</ZOrder>
	</asset>
	<asset>
		<Identifier>MatchResultWonDetailsLabelTextPointsForAnswersCorrectTitle</Identifier>
		<FileFormat>ttf</FileFormat>
		<SizeX>360</SizeX>
		<SizeY>40</SizeY>
		<PositionX>-80</PositionX>
		<PositionY>20</PositionY>
		<FontType>RobotoCondensed-Regular</FontType>
		<FontSize>20</FontSize>
		<FontColor>50,50,50</FontColor>
		<TextAlignment>Right</TextAlignment>
		<TextAlignmentVertical>Top</TextAlignmentVertical>
		<ZOrder>4</ZOrder>
	</asset>
	<asset>
		<Identifier>MatchResultWonDetailsLabelTextPointsForAnswersCorrectValue</Identifier>
		<FileFormat>ttf</FileFormat>
		<SizeX>360</SizeX>
		<SizeY>40</SizeY>
		<PositionX>-40</PositionX>
		<PositionY>20</PositionY>
		<FontType>RobotoCondensed-Bold</FontType>
		<FontSize>20</FontSize>
		<FontColor>0,90,190</FontColor>
		<TextAlignment>Right</TextAlignment>
		<TextAlignmentVertical>Top</TextAlignmentVertical>
		<ZOrder>4</ZOrder>
	</asset>
	<asset>
		<Identifier>MatchResultWonDetailsGraphicPointsForAnswersCorrect</Identifier>
		<FilenameVariance>GraphicScorePoints</FilenameVariance>
		<FileFormat>png</FileFormat>
		<PositionX>155</PositionX>
		<PositionY>25</PositionY>
		<ResourceFolder>Common</ResourceFolder>
		<ZOrder>7</ZOrder>
	</asset>
	<asset>
		<Identifier>MatchResultWonDetailsLabelTextPointsForAnswersCorrectAndFastTitle</Identifier>
		<FileFormat>ttf</FileFormat>
		<SizeX>360</SizeX>
		<SizeY>40</SizeY>
		<PositionX>-80</PositionX>
		<PositionY>-10</PositionY>
		<FontType>RobotoCondensed-Regular</FontType>
		<FontSize>20</FontSize>
		<FontColor>50,50,50</FontColor>
		<TextAlignment>Right</TextAlignment>
		<TextAlignmentVertical>Top</TextAlignmentVertical>
		<ZOrder>4</ZOrder>
	</asset>
	<asset>
		<Identifier>MatchResultWonDetailsLabelTextPointsForAnswersCorrectAndFastValue</Identifier>
		<FileFormat>ttf</FileFormat>
		<SizeX>360</SizeX>
		<SizeY>40</SizeY>
		<PositionX>-40</PositionX>
		<PositionY>-10</PositionY>
		<FontType>RobotoCondensed-Bold</FontType>
		<FontSize>20</FontSize>
		<FontColor>0,90,190</FontColor>
		<TextAlignment>Right</TextAlignment>
		<TextAlignmentVertical>Top</TextAlignmentVertical>
		<ZOrder>4</ZOrder>
	</asset>
	<asset>
		<Identifier>MatchResultWonDetailsGraphicPointsForAnswersCorrectAndFast</Identifier>
		<FilenameVariance>GraphicScorePoints</FilenameVariance>
		<FileFormat>png</FileFormat>
		<PositionX>155</PositionX>
		<PositionY>-5</PositionY>
		<ResourceFolder>Common</ResourceFolder>
		<ZOrder>7</ZOrder>
	</asset>
	<asset>
		<Identifier>MatchResultWonDetailsLabelTextPointsBonusTitle</Identifier>
		<FileFormat>ttf</FileFormat>
		<SizeX>360</SizeX>
		<SizeY>40</SizeY>
		<PositionX>0</PositionX>
		<PositionY>-50</PositionY>
		<FontType>RobotoCondensed-Bold</FontType>
		<FontSize>20</FontSize>
		<FontColor>50,50,50</FontColor>
		<TextAlignment>Left</TextAlignment>
		<TextAlignmentVertical>Top</TextAlignmentVertical>
		<ZOrder>4</ZOrder>
	</asset>
	<asset>
		<Identifier>MatchResultWonDetailsLabelTextPointsBonusForAllAnswersCorrectTitle</Identifier>
		<FileFormat>ttf</FileFormat>
		<SizeX>360</SizeX>
		<SizeY>40</SizeY>
		<PositionX>-80</PositionX>
		<PositionY>-80</PositionY>
		<FontType>RobotoCondensed-Regular</FontType>
		<FontSize>20</FontSize>
		<FontColor>50,50,50</FontColor>
		<TextAlignment>Right</TextAlignment>
		<TextAlignmentVertical>Top</TextAlignmentVertical>
		<ZOrder>4</ZOrder>
	</asset>
	<asset>
		<Identifier>MatchResultWonDetailsLabelTextPointsBonusForAllAnswersCorrectValue</Identifier>
		<FileFormat>ttf</FileFormat>
		<SizeX>360</SizeX>
		<SizeY>40</SizeY>
		<PositionX>-40</PositionX>
		<PositionY>-80</PositionY>
		<FontType>RobotoCondensed-Bold</FontType>
		<FontSize>20</FontSize>
		<FontColor>0,90,190</FontColor>
		<TextAlignment>Right</TextAlignment>
		<TextAlignmentVertical>Top</TextAlignmentVertical>
		<ZOrder>4</ZOrder>
	</asset>
	<asset>
		<Identifier>MatchResultWonDetailsGraphicPointsBonusForAllAnswers</Identifier>
		<FilenameVariance>GraphicScorePoints</FilenameVariance>
		<FileFormat>png</FileFormat>
		<PositionX>155</PositionX>
		<PositionY>-75</PositionY>
		<ResourceFolder>Common</ResourceFolder>
		<ZOrder>7</ZOrder>
	</asset>
	<asset>
		<Identifier>MatchResultWonDetailsLabelTextPointsBonusForAllAnswersCorrectAndFastTitle</Identifier>
		<FileFormat>ttf</FileFormat>
		<SizeX>360</SizeX>
		<SizeY>40</SizeY>
		<PositionX>-80</PositionX>
		<PositionY>-110</PositionY>
		<FontType>RobotoCondensed-Regular</FontType>
		<FontSize>20</FontSize>
		<FontColor>50,50,50</FontColor>
		<TextAlignment>Right</TextAlignment>
		<TextAlignmentVertical>Top</TextAlignmentVertical>
		<ZOrder>4</ZOrder>
	</asset>
	<asset>
		<Identifier>MatchResultWonDetailsLabelTextPointsBonusForAllAnswersCorrectAndFastValue</Identifier>
		<FileFormat>ttf</FileFormat>
		<SizeX>360</SizeX>
		<SizeY>40</SizeY>
		<PositionX>-40</PositionX>
		<PositionY>-110</PositionY>
		<FontType>RobotoCondensed-Bold</FontType>
		<FontSize>20</FontSize>
		<FontColor>0,90,190</FontColor>
		<TextAlignment>Right</TextAlignment>
		<TextAlignmentVertical>Top</TextAlignmentVertical>
		<ZOrder>4</ZOrder>
	</asset>
	<asset>
		<Identifier>MatchResultWonDetailsGraphicPointsBonusForAllAnswersCorrectAndFast</Identifier>
		<FilenameVariance>GraphicScorePoints</FilenameVariance>
		<FileFormat>png</FileFormat>
		<PositionX>155</PositionX>
		<PositionY>-105</PositionY>
		<ResourceFolder>Common</ResourceFolder>
		<ZOrder>7</ZOrder>
	</asset>
	<asset>
		<Identifier>MatchResultWonDetailsGraphicDividingLinePoints</Identifier>
		<FilenameVariance>GraphicDividingLineGrey</FilenameVariance>
		<FileFormat>jpg</FileFormat>
		<PositionX>0</PositionX>
		<PositionY>-130</PositionY>
		<ResourceFolder>Common</ResourceFolder>
		<ZOrder>5</ZOrder>
	</asset>
	<asset>
		<Identifier>MatchResultWonDetailsLabelTextPointsTotalTitle</Identifier>
		<FileFormat>ttf</FileFormat>
		<SizeX>360</SizeX>
		<SizeY>40</SizeY>
		<PositionX>-80</PositionX>
		<PositionY>-160</PositionY>
		<FontType>RobotoCondensed-Regular</FontType>
		<FontSize>20</FontSize>
		<FontColor>50,50,50</FontColor>
		<TextAlignment>Right</TextAlignment>
		<TextAlignmentVertical>Top</TextAlignmentVertical>
		<ZOrder>4</ZOrder>
	</asset>
	<asset>
		<Identifier>MatchResultWonDetailsLabelTextPointsTotalValue</Identifier>
		<FileFormat>ttf</FileFormat>
		<SizeX>360</SizeX>
		<SizeY>40</SizeY>
		<PositionX>-40</PositionX>
		<PositionY>-160</PositionY>
		<FontType>RobotoCondensed-Bold</FontType>
		<FontSize>20</FontSize>
		<FontColor>0,90,190</FontColor>
		<TextAlignment>Right</TextAlignment>
		<TextAlignmentVertical>Top</TextAlignmentVertical>
		<ZOrder>4</ZOrder>
	</asset>
	<asset>
		<Identifier>MatchResultWonDetailsGraphicPointsTotal</Identifier>
		<FilenameVariance>GraphicScorePoints</FilenameVariance>
		<FileFormat>png</FileFormat>
		<PositionX>155</PositionX>
		<PositionY>-155</PositionY>
		<ResourceFolder>Common</ResourceFolder>
		<ZOrder>7</ZOrder>
	</asset>
	<asset>
		<Identifier>MatchResultWonDetailsLabelTextFundsTitle</Identifier>
		<FileFormat>ttf</FileFormat>
		<SizeX>360</SizeX>
		<SizeY>40</SizeY>
		<PositionX>0</PositionX>
		<PositionY>-200</PositionY>
		<FontType>RobotoCondensed-Bold</FontType>
		<FontSize>20</FontSize>
		<FontColor>50,50,50</FontColor>
		<TextAlignment>Left</TextAlignment>
		<TextAlignmentVertical>Top</TextAlignmentVertical>
		<ZOrder>4</ZOrder>
	</asset>
	<asset>
		<Identifier>MatchResultWonDetailsLabelTextScorePlayerTitle</Identifier>
		<FileFormat>ttf</FileFormat>
		<SizeX>360</SizeX>
		<SizeY>40</SizeY>
		<PositionX>-80</PositionX>
		<PositionY>-230</PositionY>
		<FontType>RobotoCondensed-Regular</FontType>
		<FontSize>20</FontSize>
		<FontColor>50,50,50</FontColor>
		<TextAlignment>Right</TextAlignment>
		<TextAlignmentVertical>Top</TextAlignmentVertical>
		<ZOrder>4</ZOrder>
	</asset>
	<asset>
		<Identifier>MatchResultWonDetailsLabelTextScorePlayerValue</Identifier>
		<FileFormat>ttf</FileFormat>
		<SizeX>360</SizeX>
		<SizeY>40</SizeY>
		<PositionX>-40</PositionX>
		<PositionY>-230</PositionY>
		<FontType>RobotoCondensed-Bold</FontType>
		<FontSize>20</FontSize>
		<FontColor>50,50,50</FontColor>
		<TextAlignment>Right</TextAlignment>
		<TextAlignmentVertical>Top</TextAlignmentVertical>
		<ZOrder>4</ZOrder>
	</asset>
	<asset>
		<Identifier>MatchResultWonDetailsLabelTextScoreOpponentTitle</Identifier>
		<FileFormat>ttf</FileFormat>
		<SizeX>360</SizeX>
		<SizeY>40</SizeY>
		<PositionX>-80</PositionX>
		<PositionY>-260</PositionY>
		<FontType>RobotoCondensed-Regular</FontType>
		<FontSize>20</FontSize>
		<FontColor>50,50,50</FontColor>
		<TextAlignment>Right</TextAlignment>
		<TextAlignmentVertical>Top</TextAlignmentVertical>
		<ZOrder>4</ZOrder>
	</asset>
	<asset>
		<Identifier>MatchResultWonDetailsLabelTextScoreOpponentValue</Identifier>
		<FileFormat>ttf</FileFormat>
		<SizeX>360</SizeX>
		<SizeY>40</SizeY>
		<PositionX>-40</PositionX>
		<PositionY>-260</PositionY>
		<FontType>RobotoCondensed-Bold</FontType>
		<FontSize>20</FontSize>
		<FontColor>50,50,50</FontColor>
		<TextAlignment>Right</TextAlignment>
		<TextAlignmentVertical>Top</TextAlignmentVertical>
		<ZOrder>4</ZOrder>
	</asset>
	<asset>
		<Identifier>MatchResultWonDetailsGraphicDividingLineFunds</Identifier>
		<FilenameVariance>GraphicDividingLineGrey</FilenameVariance>
		<FileFormat>jpg</FileFormat>
		<PositionX>0</PositionX>
		<PositionY>-280</PositionY>
		<ResourceFolder>Common</ResourceFolder>
		<ZOrder>5</ZOrder>
	</asset>
	<asset>
		<Identifier>MatchResultWonDetailsLabelTextFundsTotalTitle</Identifier>
		<FileFormat>ttf</FileFormat>
		<SizeX>360</SizeX>
		<SizeY>40</SizeY>
		<PositionX>-80</PositionX>
		<PositionY>-310</PositionY>
		<FontType>RobotoCondensed-Regular</FontType>
		<FontSize>20</FontSize>
		<FontColor>50,50,50</FontColor>
		<TextAlignment>Right</TextAlignment>
		<TextAlignmentVertical>Top</TextAlignmentVertical>
		<ZOrder>4</ZOrder>
	</asset>
	<asset>
		<Identifier>MatchResultWonDetailsLabelTextFundsTotalValue</Identifier>
		<FileFormat>ttf</FileFormat>
		<SizeX>360</SizeX>
		<SizeY>40</SizeY>
		<PositionX>-40</PositionX>
		<PositionY>-310</PositionY>
		<FontType>RobotoCondensed-Bold</FontType>
		<FontSize>20</FontSize>
		<FontColor>255,174,0</FontColor>
		<TextAlignment>Right</TextAlignment>
		<TextAlignmentVertical>Top</TextAlignmentVertical>
		<ZOrder>4</ZOrder>
	</asset>
	<asset>
		<Identifier>MatchResultWonDetailsGraphicFunds</Identifier>
		<FilenameVariance>GraphicFunds</FilenameVariance>
		<FileFormat>png</FileFormat>
		<PositionX>155</PositionX>
		<PositionY>-305</PositionY>
		<ResourceFolder>Common</ResourceFolder>
		<ZOrder>7</ZOrder>
	</asset>
	<asset>
		<Identifier>MatchResultWonDetailsGraphicBackground</Identifier>
		<FilenameVariance>GraphicPopUpResult</FilenameVariance>
		<FileFormat>png</FileFormat>
		<PositionX>0</PositionX>
		<PositionY>0</PositionY>
		<ResourceFolder>Common</ResourceFolder>
		<ZOrder>1</ZOrder>
	</asset>
</assets>
