<?xml version="1.0" encoding="ISO-8859-1"?>
<assets>
	<asset>
		<Identifier>Self</Identifier>
		<PositionX>0</PositionX>
		<PositionY>0</PositionY>
		<ChildrenDesignRelative>1</ChildrenDesignRelative>
	</asset>
	<asset>
		<Identifier>MatchBuzzerButtonBuzzer</Identifier>
		<FilenameVariance>ButtonStandardAcceptBig</FilenameVariance>
		<FileFormat>png</FileFormat>
		<PositionX>0</PositionX>
		<PositionY>0</PositionY>
		<ResourceFolder>Common</ResourceFolder>
		<ZOrder>2</ZOrder>
		<SelectedImage>1</SelectedImage>
		<ButtonClickSound>MatchBuzzer.mp3</ButtonClickSound>
	</asset>
	<asset>
		<Identifier>MatchBuzzerLabelTextBuzzerTitle</Identifier>
		<FileFormat>ttf</FileFormat>
		<SizeX>200</SizeX>
		<SizeY>80</SizeY>
		<PositionX>0</PositionX>
		<PositionY>10</PositionY>
		<FontType>RobotoCondensed-Bold</FontType>
		<FontSize>46</FontSize>
		<FontColor>0,117,170</FontColor>
		<TextAlignment>Center</TextAlignment>
		<TextAlignmentVertical>Center</TextAlignmentVertical>
		<ZOrder>2</ZOrder>
	</asset>
	<asset>
		<Identifier>MatchBuzzerLabelTextBuzzerContent</Identifier>
		<FileFormat>ttf</FileFormat>
		<SizeX>320</SizeX>
		<SizeY>40</SizeY>
		<PositionX>0</PositionX>
		<PositionY>-20</PositionY>
		<FontType>RobotoCondensed-Regular</FontType>
		<FontSize>16</FontSize>
		<FontColor>0,117,170</FontColor>
		<TextAlignment>Center</TextAlignment>
		<TextAlignmentVertical>Center</TextAlignmentVertical>
		<ZOrder>2</ZOrder>
	</asset>
	<asset>
		<Identifier>MatchBuzzerGraphicSpeechBubble</Identifier>
		<FilenameVariance>ButtonStandardAcceptBig</FilenameVariance>
		<FileFormat>png</FileFormat>
		<PositionX>0</PositionX>
		<PositionY>10000</PositionY>
		<ResourceFolder>Common</ResourceFolder>
		<ZOrder>1</ZOrder>
	</asset>
</assets>
