<?xml version="1.0" encoding="ISO-8859-1"?>
<assets>
	<asset>
		<Identifier>Self</Identifier>
		<PositionX>0</PositionX>
		<PositionY>0</PositionY>
		<ChildrenDesignRelative>1</ChildrenDesignRelative>
	</asset>
	<asset>
		<Identifier>MatchResultLostDetailsButtonClose</Identifier>
		<FilenameVariance>ButtonClose</FilenameVariance>
		<FileFormat>png</FileFormat>
		<PositionX>180</PositionX>
		<PositionY>171</PositionY>
		<ResourceFolder>Common</ResourceFolder>
		<ZOrder>4</ZOrder>
		<SelectedImage>1</SelectedImage>
		<ButtonClickSound>GuiButton.mp3</ButtonClickSound>
	</asset>
	<asset>
		<Identifier>MatchResultLostDetailsLabelTextPointsForAnswersTitle</Identifier>
		<FileFormat>ttf</FileFormat>
		<SizeX>360</SizeX>
		<SizeY>40</SizeY>
		<PositionX>0</PositionX>
		<PositionY>136</PositionY>
		<FontType>RobotoCondensed-Bold</FontType>
		<FontSize>20</FontSize>
		<FontColor>0,117,170</FontColor>
		<TextAlignment>Left</TextAlignment>
		<TextAlignmentVertical>Top</TextAlignmentVertical>
		<ZOrder>4</ZOrder>
	</asset>
	<asset>
		<Identifier>MatchResultLostDetailsLabelTextPointsForAnswersCorrectTitle</Identifier>
		<FileFormat>ttf</FileFormat>
		<SizeX>360</SizeX>
		<SizeY>40</SizeY>
		<PositionX>-80</PositionX>
		<PositionY>106</PositionY>
		<FontType>RobotoCondensed-Regular</FontType>
		<FontSize>20</FontSize>
		<FontColor>0,117,170</FontColor>
		<TextAlignment>Right</TextAlignment>
		<TextAlignmentVertical>Top</TextAlignmentVertical>
		<ZOrder>4</ZOrder>
	</asset>
	<asset>
		<Identifier>MatchResultLostDetailsLabelTextPointsForAnswersCorrectValue</Identifier>
		<FileFormat>ttf</FileFormat>
		<SizeX>360</SizeX>
		<SizeY>40</SizeY>
		<PositionX>-40</PositionX>
		<PositionY>106</PositionY>
		<FontType>RobotoCondensed-Regular</FontType>
		<FontSize>20</FontSize>
		<FontColor>0,117,170</FontColor>
		<TextAlignment>Right</TextAlignment>
		<TextAlignmentVertical>Top</TextAlignmentVertical>
		<ZOrder>4</ZOrder>
	</asset>
	<asset>
		<Identifier>MatchResultLostDetailsGraphicPointsForAnswersCorrect</Identifier>
		<FilenameVariance>GraphicScorePoints</FilenameVariance>
		<FileFormat>png</FileFormat>
		<PositionX>155</PositionX>
		<PositionY>111</PositionY>
		<ResourceFolder>Common</ResourceFolder>
		<ZOrder>7</ZOrder>
	</asset>
	<asset>
		<Identifier>MatchResultLostDetailsLabelTextPointsForAnswersCorrectAndFastTitle</Identifier>
		<FileFormat>ttf</FileFormat>
		<SizeX>360</SizeX>
		<SizeY>40</SizeY>
		<PositionX>-80</PositionX>
		<PositionY>76</PositionY>
		<FontType>RobotoCondensed-Regular</FontType>
		<FontSize>20</FontSize>
		<FontColor>0,117,170</FontColor>
		<TextAlignment>Right</TextAlignment>
		<TextAlignmentVertical>Top</TextAlignmentVertical>
		<ZOrder>4</ZOrder>
	</asset>
	<asset>
		<Identifier>MatchResultLostDetailsLabelTextPointsForAnswersCorrectAndFastValue</Identifier>
		<FileFormat>ttf</FileFormat>
		<SizeX>360</SizeX>
		<SizeY>40</SizeY>
		<PositionX>-40</PositionX>
		<PositionY>76</PositionY>
		<FontType>RobotoCondensed-Regular</FontType>
		<FontSize>20</FontSize>
		<FontColor>0,117,170</FontColor>
		<TextAlignment>Right</TextAlignment>
		<TextAlignmentVertical>Top</TextAlignmentVertical>
		<ZOrder>4</ZOrder>
	</asset>
	<asset>
		<Identifier>MatchResultLostDetailsGraphicPointsForAnswersCorrectAndFast</Identifier>
		<FilenameVariance>GraphicScorePoints</FilenameVariance>
		<FileFormat>png</FileFormat>
		<PositionX>155</PositionX>
		<PositionY>81</PositionY>
		<ResourceFolder>Common</ResourceFolder>
		<ZOrder>7</ZOrder>
	</asset>
	<asset>
		<Identifier>MatchResultLostDetailsLabelTextPointsBonusTitle</Identifier>
		<FileFormat>ttf</FileFormat>
		<SizeX>360</SizeX>
		<SizeY>40</SizeY>
		<PositionX>0</PositionX>
		<PositionY>36</PositionY>
		<FontType>RobotoCondensed-Bold</FontType>
		<FontSize>20</FontSize>
		<FontColor>0,117,170</FontColor>
		<TextAlignment>Left</TextAlignment>
		<TextAlignmentVertical>Top</TextAlignmentVertical>
		<ZOrder>4</ZOrder>
	</asset>
	<asset>
		<Identifier>MatchResultLostDetailsLabelTextPointsBonusForAllAnswersCorrectTitle</Identifier>
		<FileFormat>ttf</FileFormat>
		<SizeX>360</SizeX>
		<SizeY>40</SizeY>
		<PositionX>-80</PositionX>
		<PositionY>6</PositionY>
		<FontType>RobotoCondensed-Regular</FontType>
		<FontSize>20</FontSize>
		<FontColor>0,117,170</FontColor>
		<TextAlignment>Right</TextAlignment>
		<TextAlignmentVertical>Top</TextAlignmentVertical>
		<ZOrder>4</ZOrder>
	</asset>
	<asset>
		<Identifier>MatchResultLostDetailsLabelTextPointsBonusForAllAnswersCorrectValue</Identifier>
		<FileFormat>ttf</FileFormat>
		<SizeX>360</SizeX>
		<SizeY>40</SizeY>
		<PositionX>-40</PositionX>
		<PositionY>6</PositionY>
		<FontType>RobotoCondensed-Regular</FontType>
		<FontSize>20</FontSize>
		<FontColor>0,117,170</FontColor>
		<TextAlignment>Right</TextAlignment>
		<TextAlignmentVertical>Top</TextAlignmentVertical>
		<ZOrder>4</ZOrder>
	</asset>
	<asset>
		<Identifier>MatchResultLostDetailsGraphicPointsBonusForAllAnswers</Identifier>
		<FilenameVariance>GraphicScorePoints</FilenameVariance>
		<FileFormat>png</FileFormat>
		<PositionX>155</PositionX>
		<PositionY>11</PositionY>
		<ResourceFolder>Common</ResourceFolder>
		<ZOrder>7</ZOrder>
	</asset>
	<asset>
		<Identifier>MatchResultLostDetailsLabelTextPointsBonusForAllAnswersCorrectAndFastTitle</Identifier>
		<FileFormat>ttf</FileFormat>
		<SizeX>360</SizeX>
		<SizeY>40</SizeY>
		<PositionX>-80</PositionX>
		<PositionY>-24</PositionY>
		<FontType>RobotoCondensed-Regular</FontType>
		<FontSize>20</FontSize>
		<FontColor>0,117,170</FontColor>
		<TextAlignment>Right</TextAlignment>
		<TextAlignmentVertical>Top</TextAlignmentVertical>
		<ZOrder>4</ZOrder>
	</asset>
	<asset>
		<Identifier>MatchResultLostDetailsLabelTextPointsBonusForAllAnswersCorrectAndFastValue</Identifier>
		<FileFormat>ttf</FileFormat>
		<SizeX>360</SizeX>
		<SizeY>40</SizeY>
		<PositionX>-40</PositionX>
		<PositionY>-24</PositionY>
		<FontType>RobotoCondensed-Regular</FontType>
		<FontSize>20</FontSize>
		<FontColor>0,117,170</FontColor>
		<TextAlignment>Right</TextAlignment>
		<TextAlignmentVertical>Top</TextAlignmentVertical>
		<ZOrder>4</ZOrder>
	</asset>
	<asset>
		<Identifier>MatchResultLostDetailsGraphicPointsBonusForAllAnswersCorrectAndFast</Identifier>
		<FilenameVariance>GraphicScorePoints</FilenameVariance>
		<FileFormat>png</FileFormat>
		<PositionX>155</PositionX>
		<PositionY>-19</PositionY>
		<ResourceFolder>Common</ResourceFolder>
		<ZOrder>7</ZOrder>
	</asset>
	<asset>
		<Identifier>MatchResultLostDetailsGraphicDividingLinePoints</Identifier>
		<FilenameVariance>GraphicDividingLineGrey</FilenameVariance>
		<FileFormat>jpg</FileFormat>
		<PositionX>0</PositionX>
		<PositionY>-44</PositionY>
		<ResourceFolder>Common</ResourceFolder>
		<ZOrder>5</ZOrder>
	</asset>
	<asset>
		<Identifier>MatchResultLostDetailsLabelTextPointsTotalTitle</Identifier>
		<FileFormat>ttf</FileFormat>
		<SizeX>360</SizeX>
		<SizeY>40</SizeY>
		<PositionX>-80</PositionX>
		<PositionY>-74</PositionY>
		<FontType>RobotoCondensed-Regular</FontType>
		<FontSize>20</FontSize>
		<FontColor>0,117,170</FontColor>
		<TextAlignment>Right</TextAlignment>
		<TextAlignmentVertical>Top</TextAlignmentVertical>
		<ZOrder>4</ZOrder>
	</asset>
	<asset>
		<Identifier>MatchResultLostDetailsLabelTextPointsTotalValue</Identifier>
		<FileFormat>ttf</FileFormat>
		<SizeX>360</SizeX>
		<SizeY>40</SizeY>
		<PositionX>-40</PositionX>
		<PositionY>-74</PositionY>
		<FontType>RobotoCondensed-Regular</FontType>
		<FontSize>20</FontSize>
		<FontColor>0,117,170</FontColor>
		<TextAlignment>Right</TextAlignment>
		<TextAlignmentVertical>Top</TextAlignmentVertical>
		<ZOrder>4</ZOrder>
	</asset>
	<asset>
		<Identifier>MatchResultLostDetailsGraphicPointsTotal</Identifier>
		<FilenameVariance>GraphicScorePoints</FilenameVariance>
		<FileFormat>png</FileFormat>
		<PositionX>155</PositionX>
		<PositionY>-69</PositionY>
		<ResourceFolder>Common</ResourceFolder>
		<ZOrder>7</ZOrder>
	</asset>
	<asset>
		<Identifier>MatchResultLostDetailsLabelTextFundsTitle</Identifier>
		<FileFormat>ttf</FileFormat>
		<SizeX>360</SizeX>
		<SizeY>40</SizeY>
		<PositionX>0</PositionX>
		<PositionY>-114</PositionY>
		<FontType>RobotoCondensed-Bold</FontType>
		<FontSize>20</FontSize>
		<FontColor>0,117,170</FontColor>
		<TextAlignment>Left</TextAlignment>
		<TextAlignmentVertical>Top</TextAlignmentVertical>
		<ZOrder>4</ZOrder>
	</asset>
	<asset>
		<Identifier>MatchResultLostDetailsLabelTextFundsContent</Identifier>
		<FileFormat>ttf</FileFormat>
		<SizeX>360</SizeX>
		<SizeY>40</SizeY>
		<PositionX>-80</PositionX>
		<PositionY>-144</PositionY>
		<FontType>RobotoCondensed-Regular</FontType>
		<FontSize>20</FontSize>
		<FontColor>0,117,170</FontColor>
		<TextAlignment>Right</TextAlignment>
		<TextAlignmentVertical>Top</TextAlignmentVertical>
		<ZOrder>4</ZOrder>
	</asset>
	<asset>
		<Identifier>MatchResultLostDetailsGraphicBackground</Identifier>
		<FilenameVariance>GraphicPopUpResultSmall</FilenameVariance>
		<FileFormat>png</FileFormat>
		<PositionX>0</PositionX>
		<PositionY>0</PositionY>
		<ResourceFolder>Common</ResourceFolder>
		<ZOrder>1</ZOrder>
	</asset>
</assets>
