<?xml version="1.0" encoding="ISO-8859-1"?>
<assets>
	<asset>
		<Identifier>Self</Identifier>
		<PositionX>0</PositionX>
		<PositionY>240</PositionY>
		<ChildrenDesignRelative>1</ChildrenDesignRelative>
	</asset>
	<asset>
		<Identifier>MatchQuestionGraphicElton</Identifier>
		<FilenameVariance>GraphicPortraitElton</FilenameVariance>
		<FileFormat>png</FileFormat>
		<PositionX>148</PositionX>
		<PositionY>90000</PositionY>
		<ResourceFolder>Common</ResourceFolder>
		<ZOrder>2</ZOrder>
	</asset>
	<asset>
		<Identifier>MatchQuestionLabelTextTitle</Identifier>
		<FileFormat>ttf</FileFormat>
		<SizeX>320</SizeX>
		<SizeY>40</SizeY>
		<PositionX>0</PositionX>
		<PositionY>60</PositionY>
		<FontType>RobotoCondensed-Bold</FontType>
		<FontSize>20</FontSize>
		<FontColor>0,117,170</FontColor>
		<TextAlignment>Center</TextAlignment>
		<TextAlignmentVertical>Center</TextAlignmentVertical>
		<ZOrder>3</ZOrder>
	</asset>
	<asset>
		<Identifier>MatchQuestionLabelTextContent</Identifier>
		<FileFormat>ttf</FileFormat>
		<SizeX>380</SizeX>
		<SizeY>100</SizeY>
		<PositionX>0</PositionX>
		<PositionY>-10</PositionY>
		<FontType>RobotoCondensed-Regular</FontType>
		<FontSize>20</FontSize>
		<FontColor>0,117,170</FontColor>
		<TextAlignment>Center</TextAlignment>
		<TextAlignmentVertical>Center</TextAlignmentVertical>
		<ZOrder>3</ZOrder>
	</asset>
	<asset>
		<Identifier>MatchQuestionGraphicBackground</Identifier>
		<FilenameVariance>GraphicFrameBig</FilenameVariance>
		<FileFormat>png</FileFormat>
		<PositionX>0</PositionX>
		<PositionY>0</PositionY>
		<ResourceFolder>Common</ResourceFolder>
		<ZOrder>1</ZOrder>
	</asset>
	<asset>
		<Identifier>MatchQuestionLabelTextCountdown</Identifier>
		<FileFormat>ttf</FileFormat>
		<SizeX>100</SizeX>
		<SizeY>200</SizeY>
		<PositionX>0</PositionX>
		<PositionY>-110</PositionY>
		<FontType>RobotoCondensed-Bold</FontType>
		<FontSize>46</FontSize>
		<FontColor>255,255,0</FontColor>
		<TextAlignment>Center</TextAlignment>
		<TextAlignmentVertical>Center</TextAlignmentVertical>
		<ZOrder>1</ZOrder>
	</asset>
	<asset>
		<Identifier>MatchQuestionGraphicBackgroundTimer</Identifier>
		<FilenameVariance>GraphicFrameSquare</FilenameVariance>
		<FileFormat>png</FileFormat>
		<PositionX>0</PositionX>
		<PositionY>-10000</PositionY>
		<ResourceFolder>Common</ResourceFolder>
		<ZOrder>0</ZOrder>
	</asset>
</assets>
