<?xml version="1.0" encoding="ISO-8859-1"?>
<assets>
	<asset>
		<Identifier>Self</Identifier>
		<PositionX>0</PositionX>
		<PositionY>0</PositionY>
		<ChildrenDesignRelative>1</ChildrenDesignRelative>
	</asset>
	<asset>
		<Identifier>MatchAnswerResultStatusCustomAssetPlayerAnswerResult0</Identifier>
		<FileFormat>png</FileFormat>
		<PositionX>-170</PositionX>
		<PositionY>34</PositionY>
		<ResourceFolder>Common</ResourceFolder>
		<ZOrder>2</ZOrder>
	</asset>
	<asset>
		<Identifier>MatchAnswerResultStatusCustomAssetPlayerAnswerResult1</Identifier>
		<FileFormat>png</FileFormat>
		<PositionX>-145</PositionX>
		<PositionY>34</PositionY>
		<ResourceFolder>Common</ResourceFolder>
		<ZOrder>2</ZOrder>
	</asset>
	<asset>
		<Identifier>MatchAnswerResultStatusCustomAssetPlayerAnswerResult2</Identifier>
		<FileFormat>png</FileFormat>
		<PositionX>-120</PositionX>
		<PositionY>34</PositionY>
		<ResourceFolder>Common</ResourceFolder>
		<ZOrder>2</ZOrder>
	</asset>
	<asset>
		<Identifier>MatchAnswerResultStatusCustomAssetPlayerAnswerResult3</Identifier>
		<FileFormat>png</FileFormat>
		<PositionX>-95</PositionX>
		<PositionY>34</PositionY>
		<ResourceFolder>Common</ResourceFolder>
		<ZOrder>2</ZOrder>
	</asset>
	<asset>
		<Identifier>MatchAnswerResultStatusCustomAssetPlayerAnswerResult4</Identifier>
		<FileFormat>png</FileFormat>
		<PositionX>-70</PositionX>
		<PositionY>34</PositionY>
		<ResourceFolder>Common</ResourceFolder>
		<ZOrder>2</ZOrder>
	</asset>
	<asset>
		<Identifier>MatchAnswerResultStatusCustomAssetPlayerAnswerResult5</Identifier>
		<FileFormat>png</FileFormat>
		<PositionX>-45</PositionX>
		<PositionY>34</PositionY>
		<ResourceFolder>Common</ResourceFolder>
		<ZOrder>2</ZOrder>
	</asset>
	<asset>
		<Identifier>MatchAnswerResultStatusCustomAssetPlayerAnswerResult6</Identifier>
		<FileFormat>png</FileFormat>
		<PositionX>-20</PositionX>
		<PositionY>34</PositionY>
		<ResourceFolder>Common</ResourceFolder>
		<ZOrder>2</ZOrder>
	</asset>
	<asset>
		<Identifier>MatchAnswerResultStatusGraphicPlayerAnswerResultBackground</Identifier>
		<FilenameVariance>GraphicAnswerResultBackground</FilenameVariance>
		<FileFormat>png</FileFormat>
		<PositionX>-120</PositionX>
		<PositionY>34</PositionY>
		<ResourceFolder>Common</ResourceFolder>
		<ZOrder>1</ZOrder>
	</asset>
	<asset>
		<Identifier>MatchAnswerResultStatusLabelTextPlayerName</Identifier>
		<FileFormat>system</FileFormat>
		<SizeX>200</SizeX>
		<SizeY>30</SizeY>
		<PositionX>-120</PositionX>
		<PositionY>-8</PositionY>
		<FontType>RobotoCondensed-Regular</FontType>
		<FontSize>18</FontSize>
		<FontColor>120,120,120</FontColor>
		<TextAlignment>Center</TextAlignment>
		<TextAlignmentVertical>Center</TextAlignmentVertical>
		<ZOrder>3</ZOrder>
	</asset>
	<asset>
		<Identifier>MatchAnswerResultStatusCustomAssetClippingMaskPlayerName</Identifier>
		<SizeX>200</SizeX>
		<SizeY>30</SizeY>
		<PositionX>-120</PositionX>
		<PositionY>-8</PositionY>
	</asset>
	<asset>
		<Identifier>MatchAnswerResultStatusGraphicPlayerBackgroundName</Identifier>
		<FilenameVariance>GraphicPlayerBackground</FilenameVariance>
		<FileFormat>png</FileFormat>
		<PositionX>-120</PositionX>
		<PositionY>0</PositionY>
		<ResourceFolder>Common</ResourceFolder>
		<ZOrder>1</ZOrder>
	</asset>
	<asset>
		<Identifier>MatchAnswerResultStatusGraphicPlayerBackground</Identifier>
		<FilenameVariance>GraphicAvatarBackground</FilenameVariance>
		<FileFormat>png</FileFormat>
		<PositionX>-168</PositionX>
		<PositionY>50000</PositionY>
		<ResourceFolder>Common</ResourceFolder>
		<ZOrder>1</ZOrder>
	</asset>
	<asset>
		<Identifier>MatchAnswerResultStatusGraphicPlayerAvatar*</Identifier>
		<FileFormat>png</FileFormat>
		<PositionX>-168</PositionX>
		<PositionY>50000</PositionY>
		<ResourceFolder>Common</ResourceFolder>
		<ZOrder>2</ZOrder>
	</asset>
	<asset>
		<Identifier>MatchAnswerResultStatusCustomAssetOpponentAnswerResult0</Identifier>
		<FileFormat>png</FileFormat>
		<PositionX>70</PositionX>
		<PositionY>34</PositionY>
		<ResourceFolder>Common</ResourceFolder>
		<ZOrder>2</ZOrder>
	</asset>
	<asset>
		<Identifier>MatchAnswerResultStatusCustomAssetOpponentAnswerResult1</Identifier>
		<FileFormat>png</FileFormat>
		<PositionX>95</PositionX>
		<PositionY>34</PositionY>
		<ResourceFolder>Common</ResourceFolder>
		<ZOrder>2</ZOrder>
	</asset>
	<asset>
		<Identifier>MatchAnswerResultStatusCustomAssetOpponentAnswerResult2</Identifier>
		<FileFormat>png</FileFormat>
		<PositionX>120</PositionX>
		<PositionY>34</PositionY>
		<ResourceFolder>Common</ResourceFolder>
		<ZOrder>2</ZOrder>
	</asset>
	<asset>
		<Identifier>MatchAnswerResultStatusCustomAssetOpponentAnswerResult3</Identifier>
		<FileFormat>png</FileFormat>
		<PositionX>145</PositionX>
		<PositionY>34</PositionY>
		<ResourceFolder>Common</ResourceFolder>
		<ZOrder>2</ZOrder>
	</asset>
	<asset>
		<Identifier>MatchAnswerResultStatusCustomAssetOpponentAnswerResult4</Identifier>
		<FileFormat>png</FileFormat>
		<PositionX>170</PositionX>
		<PositionY>34</PositionY>
		<ResourceFolder>Common</ResourceFolder>
		<ZOrder>2</ZOrder>
	</asset>
	<asset>
		<Identifier>MatchAnswerResultStatusCustomAssetOpponentAnswerResult5</Identifier>
		<FileFormat>png</FileFormat>
		<PositionX>195</PositionX>
		<PositionY>34</PositionY>
		<ResourceFolder>Common</ResourceFolder>
		<ZOrder>2</ZOrder>
	</asset>
	<asset>
		<Identifier>MatchAnswerResultStatusCustomAssetOpponentAnswerResult6</Identifier>
		<FileFormat>png</FileFormat>
		<PositionX>220</PositionX>
		<PositionY>34</PositionY>
		<ResourceFolder>Common</ResourceFolder>
		<ZOrder>2</ZOrder>
	</asset>
	<asset>
		<Identifier>MatchAnswerResultStatusGraphicOpponentAnswerResultBackground</Identifier>
		<FilenameVariance>GraphicAnswerResultBackground</FilenameVariance>
		<FileFormat>png</FileFormat>
		<PositionX>120</PositionX>
		<PositionY>34</PositionY>
		<ResourceFolder>Common</ResourceFolder>
		<ZOrder>1</ZOrder>
	</asset>
	<asset>
		<Identifier>MatchAnswerResultStatusLabelTextOpponentName</Identifier>
		<FileFormat>system</FileFormat>
		<SizeX>200</SizeX>
		<SizeY>30</SizeY>
		<PositionX>120</PositionX>
		<PositionY>-8</PositionY>
		<FontType>RobotoCondensed-Regular</FontType>
		<FontSize>18</FontSize>
		<FontColor>120,120,120</FontColor>
		<TextAlignment>Center</TextAlignment>
		<TextAlignmentVertical>Center</TextAlignmentVertical>
		<ZOrder>3</ZOrder>
	</asset>
	<asset>
		<Identifier>MatchAnswerResultStatusCustomAssetClippingMaskOpponentName</Identifier>
		<SizeX>200</SizeX>
		<SizeY>30</SizeY>
		<PositionX>120</PositionX>
		<PositionY>-8</PositionY>
	</asset>
	<asset>
		<Identifier>MatchAnswerResultStatusGraphicOpponentBackgroundName</Identifier>
		<FilenameVariance>GraphicOpponentBackground</FilenameVariance>
		<FileFormat>png</FileFormat>
		<PositionX>120</PositionX>
		<PositionY>0</PositionY>
		<ResourceFolder>Common</ResourceFolder>
		<ZOrder>1</ZOrder>
	</asset>
	<asset>
		<Identifier>MatchAnswerResultStatusGraphicOpponentBackground</Identifier>
		<FilenameVariance>GraphicAvatarBackground</FilenameVariance>
		<FileFormat>png</FileFormat>
		<PositionX>169</PositionX>
		<PositionY>50000</PositionY>
		<ResourceFolder>Common</ResourceFolder>
		<ZOrder>2</ZOrder>
	</asset>
	<asset>
		<Identifier>MatchAnswerResultStatusGraphicPlayerOpponent*</Identifier>
		<FileFormat>png</FileFormat>
		<PositionX>169</PositionX>
		<PositionY>50000</PositionY>
		<ResourceFolder>Common</ResourceFolder>
		<ZOrder>2</ZOrder>
	</asset>
	<asset>
		<Identifier>MatchAnswerResultStatusLabelTextVs</Identifier>
		<FileFormat>ttf</FileFormat>
		<SizeX>400</SizeX>
		<SizeY>30</SizeY>
		<PositionX>0</PositionX>
		<PositionY>30</PositionY>
		<FontType>EurostileTBla</FontType>
		<FontSize>20</FontSize>
		<FontColor>255,255,0</FontColor>
		<TextAlignment>Center</TextAlignment>
		<TextAlignmentVertical>Center</TextAlignmentVertical>
		<ZOrder>3</ZOrder>
	</asset>
</assets>
