<?xml version="1.0" encoding="ISO-8859-1"?>
<assets>
	<asset>
		<Identifier>Self</Identifier>
		<PositionX>0</PositionX>
		<PositionY>0</PositionY>
		<ChildrenDesignRelative>1</ChildrenDesignRelative>
	</asset>
	<asset>
		<Identifier>MatchIntroGraphicElton</Identifier>
		<FilenameVariance>GraphicPortraitElton</FilenameVariance>
		<FileFormat>png</FileFormat>
		<PositionX>148</PositionX>
		<PositionY>33000</PositionY>
		<ResourceFolder>Common</ResourceFolder>
		<ZOrder>2</ZOrder>
	</asset>
	<asset>
		<Identifier>MatchIntroLabelTextTitle</Identifier>
		<FileFormat>ttf</FileFormat>
		<SizeX>320</SizeX>
		<SizeY>40</SizeY>
		<PositionX>0</PositionX>
		<PositionY>300</PositionY>
		<FontType>RobotoCondensed-Bold</FontType>
		<FontSize>26</FontSize>
		<FontColor>0,117,170</FontColor>
		<TextAlignment>Center</TextAlignment>
		<TextAlignmentVertical>Center</TextAlignmentVertical>
		<ZOrder>3</ZOrder>
	</asset>
	<asset>
		<Identifier>MatchIntroLabelTextHint</Identifier>
		<FileFormat>ttf</FileFormat>
		<SizeX>380</SizeX>
		<SizeY>100</SizeY>
		<PositionX>0</PositionX>
		<PositionY>230</PositionY>
		<FontType>RobotoCondensed-Regular</FontType>
		<FontSize>20</FontSize>
		<FontColor>0,117,170</FontColor>
		<TextAlignment>Center</TextAlignment>
		<TextAlignmentVertical>Center</TextAlignmentVertical>
		<ZOrder>3</ZOrder>
	</asset>
	<asset>
		<Identifier>MatchIntroGraphicBackground</Identifier>
		<FilenameVariance>GraphicFrameBig</FilenameVariance>
		<FileFormat>png</FileFormat>
		<PositionX>0</PositionX>
		<PositionY>240</PositionY>
		<ResourceFolder>Common</ResourceFolder>
		<ZOrder>1</ZOrder>
	</asset>
	<asset>
		<Identifier>MatchIntroLabelTextTitlePlayer</Identifier>
		<FileFormat>ttf</FileFormat>
		<SizeX>320</SizeX>
		<SizeY>40</SizeY>
		<PositionX>0</PositionX>
		<PositionY>92</PositionY>
		<FontType>RobotoCondensed-Bold</FontType>
		<FontSize>30</FontSize>
		<FontColor>255,255,0</FontColor>
		<TextAlignment>Center</TextAlignment>
		<TextAlignmentVertical>Center</TextAlignmentVertical>
		<ZOrder>3</ZOrder>
	</asset>
	<asset>
		<Identifier>MatchIntroGraphicPlayerBackground</Identifier>
		<FilenameVariance>GraphicMatchIntroPlayersFrame</FilenameVariance>
		<FileFormat>png</FileFormat>
		<PositionX>0</PositionX>
		<PositionY>-5</PositionY>
		<ResourceFolder>Common</ResourceFolder>
		<ZOrder>1</ZOrder>
	</asset>
	<asset>
		<Identifier>MatchIntroLabelTextTitleStatus</Identifier>
		<FileFormat>ttf</FileFormat>
		<SizeX>400</SizeX>
		<SizeY>30</SizeY>
		<PositionX>0</PositionX>
		<PositionY>-100</PositionY>
		<FontType>RobotoCondensed-Regular</FontType>
		<FontSize>20</FontSize>
		<FontColor>255,255,255</FontColor>
		<TextAlignment>Center</TextAlignment>
		<TextAlignmentVertical>Center</TextAlignmentVertical>
		<ZOrder>2</ZOrder>
	</asset>
	<asset>
		<Identifier>MatchIntroLabelTextStatus</Identifier>
		<FileFormat>ttf</FileFormat>
		<SizeX>400</SizeX>
		<SizeY>30</SizeY>
		<PositionX>0</PositionX>
		<PositionY>-148</PositionY>
		<FontType>RobotoCondensed-Bold</FontType>
		<FontSize>20</FontSize>
		<FontColor>0,117,170</FontColor>
		<TextAlignment>Center</TextAlignment>
		<TextAlignmentVertical>Center</TextAlignmentVertical>
		<ZOrder>2</ZOrder>
	</asset>
	<asset>
		<Identifier>MatchIntroGraphicFrameStatus</Identifier>
		<FilenameVariance>GraphicFrameExtraThin</FilenameVariance>
		<FileFormat>png</FileFormat>
		<PositionX>0</PositionX>
		<PositionY>-152</PositionY>
		<ResourceFolder>Common</ResourceFolder>
		<ZOrder>1</ZOrder>
	</asset>
	<asset>
		<Identifier>MatchIntroButtonStartNow</Identifier>
		<FilenameVariance>ButtonStandard</FilenameVariance>
		<FileFormat>png</FileFormat>
		<PositionX>0</PositionX>
		<PositionY>-260</PositionY>
		<ResourceFolder>Common</ResourceFolder>
		<ZOrder>3</ZOrder>
		<SelectedImage>1</SelectedImage>
		<ButtonClickSound>GuiButton.mp3</ButtonClickSound>
	</asset>
	<asset>
		<Identifier>MatchIntroLabelTextStartNow</Identifier>
		<FileFormat>ttf</FileFormat>
		<SizeX>300</SizeX>
		<SizeY>40</SizeY>
		<PositionX>0</PositionX>
		<PositionY>-260</PositionY>
		<FontType>RobotoCondensed-Bold</FontType>
		<FontSize>20</FontSize>
		<FontColor>0,117,170</FontColor>
		<TextAlignment>Center</TextAlignment>
		<TextAlignmentVertical>Center</TextAlignmentVertical>
		<ZOrder>4</ZOrder>
	</asset>
	<asset>
		<Identifier>MatchIntroLabelTextBackSmall</Identifier>
		<FileFormat>ttf</FileFormat>
		<SizeX>90</SizeX>
		<SizeY>20</SizeY>
		<PositionX>0</PositionX>
		<PositionY>-360</PositionY>
		<FontType>RobotoCondensed-Bold</FontType>
		<FontSize>16</FontSize>
		<FontColor>0,117,170</FontColor>
		<TextAlignment>Center</TextAlignment>
		<TextAlignmentVertical>Center</TextAlignmentVertical>
		<ZOrder>6</ZOrder>
	</asset>
	<asset>
		<Identifier>MatchIntroButtonCancel</Identifier>
		<FilenameVariance>ButtonStandardSmall</FilenameVariance>
		<FileFormat>png</FileFormat>
		<PositionX>0</PositionX>
		<PositionY>-360</PositionY>
		<ResourceFolder>Common</ResourceFolder>
		<ZOrder>5</ZOrder>
		<SelectedImage>1</SelectedImage>
		<DisabledImage>1</DisabledImage>
		<ButtonClickSound>GuiButton.mp3</ButtonClickSound>
	</asset>
</assets>
