<?xml version="1.0" encoding="ISO-8859-1"?>
<assets>
	<asset>
		<Identifier>Self</Identifier>
		<PositionX>0</PositionX>
		<PositionY>0</PositionY>
		<ChildrenDesignRelative>1</ChildrenDesignRelative>
	</asset>
	<asset>
		<Identifier>MatchResultDrawDetailsButtonClose</Identifier>
		<FilenameVariance>ButtonClose</FilenameVariance>
		<FileFormat>png</FileFormat>
		<PositionX>180</PositionX>
		<PositionY>335</PositionY>
		<ResourceFolder>Common</ResourceFolder>
		<ZOrder>4</ZOrder>
		<SelectedImage>1</SelectedImage>
		<ButtonClickSound>GuiButton.mp3</ButtonClickSound>
	</asset>
	<asset>
		<Identifier>MatchResultDrawDetailsLabelTextPointsForAnswersTitle</Identifier>
		<FileFormat>ttf</FileFormat>
		<SizeX>360</SizeX>
		<SizeY>40</SizeY>
		<PositionX>0</PositionX>
		<PositionY>300</PositionY>
		<FontType>RobotoCondensed-Bold</FontType>
		<FontSize>20</FontSize>
		<FontColor>0,117,170</FontColor>
		<TextAlignment>Left</TextAlignment>
		<TextAlignmentVertical>Top</TextAlignmentVertical>
		<ZOrder>4</ZOrder>
	</asset>
	<asset>
		<Identifier>MatchResultDrawDetailsLabelTextPointsForAnswersCorrectTitle</Identifier>
		<FileFormat>ttf</FileFormat>
		<SizeX>360</SizeX>
		<SizeY>40</SizeY>
		<PositionX>-80</PositionX>
		<PositionY>270</PositionY>
		<FontType>RobotoCondensed-Regular</FontType>
		<FontSize>20</FontSize>
		<FontColor>0,117,170</FontColor>
		<TextAlignment>Right</TextAlignment>
		<TextAlignmentVertical>Top</TextAlignmentVertical>
		<ZOrder>4</ZOrder>
	</asset>
	<asset>
		<Identifier>MatchResultDrawDetailsLabelTextPointsForAnswersCorrectValue</Identifier>
		<FileFormat>ttf</FileFormat>
		<SizeX>360</SizeX>
		<SizeY>40</SizeY>
		<PositionX>-40</PositionX>
		<PositionY>270</PositionY>
		<FontType>RobotoCondensed-Regular</FontType>
		<FontSize>20</FontSize>
		<FontColor>0,117,170</FontColor>
		<TextAlignment>Right</TextAlignment>
		<TextAlignmentVertical>Top</TextAlignmentVertical>
		<ZOrder>4</ZOrder>
	</asset>
	<asset>
		<Identifier>MatchResultDrawDetailsGraphicPointsForAnswersCorrect</Identifier>
		<FilenameVariance>GraphicScorePoints</FilenameVariance>
		<FileFormat>png</FileFormat>
		<PositionX>155</PositionX>
		<PositionY>275</PositionY>
		<ResourceFolder>Common</ResourceFolder>
		<ZOrder>7</ZOrder>
	</asset>
	<asset>
		<Identifier>MatchResultDrawDetailsLabelTextPointsForAnswersCorrectAndFastTitle</Identifier>
		<FileFormat>ttf</FileFormat>
		<SizeX>360</SizeX>
		<SizeY>40</SizeY>
		<PositionX>-80</PositionX>
		<PositionY>240</PositionY>
		<FontType>RobotoCondensed-Regular</FontType>
		<FontSize>20</FontSize>
		<FontColor>0,117,170</FontColor>
		<TextAlignment>Right</TextAlignment>
		<TextAlignmentVertical>Top</TextAlignmentVertical>
		<ZOrder>4</ZOrder>
	</asset>
	<asset>
		<Identifier>MatchResultDrawDetailsLabelTextPointsForAnswersCorrectAndFastValue</Identifier>
		<FileFormat>ttf</FileFormat>
		<SizeX>360</SizeX>
		<SizeY>40</SizeY>
		<PositionX>-40</PositionX>
		<PositionY>240</PositionY>
		<FontType>RobotoCondensed-Regular</FontType>
		<FontSize>20</FontSize>
		<FontColor>0,117,170</FontColor>
		<TextAlignment>Right</TextAlignment>
		<TextAlignmentVertical>Top</TextAlignmentVertical>
		<ZOrder>4</ZOrder>
	</asset>
	<asset>
		<Identifier>MatchResultDrawDetailsGraphicPointsForAnswersCorrectAndFast</Identifier>
		<FilenameVariance>GraphicScorePoints</FilenameVariance>
		<FileFormat>png</FileFormat>
		<PositionX>155</PositionX>
		<PositionY>245</PositionY>
		<ResourceFolder>Common</ResourceFolder>
		<ZOrder>7</ZOrder>
	</asset>
	<asset>
		<Identifier>MatchResultDrawDetailsLabelTextPointsBonusTitle</Identifier>
		<FileFormat>ttf</FileFormat>
		<SizeX>360</SizeX>
		<SizeY>40</SizeY>
		<PositionX>0</PositionX>
		<PositionY>200</PositionY>
		<FontType>RobotoCondensed-Bold</FontType>
		<FontSize>20</FontSize>
		<FontColor>0,117,170</FontColor>
		<TextAlignment>Left</TextAlignment>
		<TextAlignmentVertical>Top</TextAlignmentVertical>
		<ZOrder>4</ZOrder>
	</asset>
	<asset>
		<Identifier>MatchResultDrawDetailsLabelTextPointsBonusForAllAnswersCorrectTitle</Identifier>
		<FileFormat>ttf</FileFormat>
		<SizeX>360</SizeX>
		<SizeY>40</SizeY>
		<PositionX>-80</PositionX>
		<PositionY>170</PositionY>
		<FontType>RobotoCondensed-Regular</FontType>
		<FontSize>20</FontSize>
		<FontColor>0,117,170</FontColor>
		<TextAlignment>Right</TextAlignment>
		<TextAlignmentVertical>Top</TextAlignmentVertical>
		<ZOrder>4</ZOrder>
	</asset>
	<asset>
		<Identifier>MatchResultDrawDetailsLabelTextPointsBonusForAllAnswersCorrectValue</Identifier>
		<FileFormat>ttf</FileFormat>
		<SizeX>360</SizeX>
		<SizeY>40</SizeY>
		<PositionX>-40</PositionX>
		<PositionY>170</PositionY>
		<FontType>RobotoCondensed-Regular</FontType>
		<FontSize>20</FontSize>
		<FontColor>0,117,170</FontColor>
		<TextAlignment>Right</TextAlignment>
		<TextAlignmentVertical>Top</TextAlignmentVertical>
		<ZOrder>4</ZOrder>
	</asset>
	<asset>
		<Identifier>MatchResultDrawDetailsGraphicPointsBonusForAllAnswers</Identifier>
		<FilenameVariance>GraphicScorePoints</FilenameVariance>
		<FileFormat>png</FileFormat>
		<PositionX>155</PositionX>
		<PositionY>175</PositionY>
		<ResourceFolder>Common</ResourceFolder>
		<ZOrder>7</ZOrder>
	</asset>
	<asset>
		<Identifier>MatchResultDrawDetailsLabelTextPointsBonusForAllAnswersCorrectAndFastTitle</Identifier>
		<FileFormat>ttf</FileFormat>
		<SizeX>360</SizeX>
		<SizeY>40</SizeY>
		<PositionX>-80</PositionX>
		<PositionY>140</PositionY>
		<FontType>RobotoCondensed-Regular</FontType>
		<FontSize>20</FontSize>
		<FontColor>0,117,170</FontColor>
		<TextAlignment>Right</TextAlignment>
		<TextAlignmentVertical>Top</TextAlignmentVertical>
		<ZOrder>4</ZOrder>
	</asset>
	<asset>
		<Identifier>MatchResultDrawDetailsLabelTextPointsBonusForAllAnswersCorrectAndFastValue</Identifier>
		<FileFormat>ttf</FileFormat>
		<SizeX>360</SizeX>
		<SizeY>40</SizeY>
		<PositionX>-40</PositionX>
		<PositionY>140</PositionY>
		<FontType>RobotoCondensed-Regular</FontType>
		<FontSize>20</FontSize>
		<FontColor>0,117,170</FontColor>
		<TextAlignment>Right</TextAlignment>
		<TextAlignmentVertical>Top</TextAlignmentVertical>
		<ZOrder>4</ZOrder>
	</asset>
	<asset>
		<Identifier>MatchResultDrawDetailsGraphicPointsBonusForAllAnswersCorrectAndFast</Identifier>
		<FilenameVariance>GraphicScorePoints</FilenameVariance>
		<FileFormat>png</FileFormat>
		<PositionX>155</PositionX>
		<PositionY>145</PositionY>
		<ResourceFolder>Common</ResourceFolder>
		<ZOrder>7</ZOrder>
	</asset>
	<asset>
		<Identifier>MatchResultDrawDetailsGraphicDividingLinePoints</Identifier>
		<FilenameVariance>GraphicDividingLineGrey</FilenameVariance>
		<FileFormat>jpg</FileFormat>
		<PositionX>0</PositionX>
		<PositionY>120</PositionY>
		<ResourceFolder>Common</ResourceFolder>
		<ZOrder>5</ZOrder>
	</asset>
	<asset>
		<Identifier>MatchResultDrawDetailsLabelTextPointsTotalTitle</Identifier>
		<FileFormat>ttf</FileFormat>
		<SizeX>360</SizeX>
		<SizeY>40</SizeY>
		<PositionX>-80</PositionX>
		<PositionY>90</PositionY>
		<FontType>RobotoCondensed-Regular</FontType>
		<FontSize>20</FontSize>
		<FontColor>0,117,170</FontColor>
		<TextAlignment>Right</TextAlignment>
		<TextAlignmentVertical>Top</TextAlignmentVertical>
		<ZOrder>4</ZOrder>
	</asset>
	<asset>
		<Identifier>MatchResultDrawDetailsLabelTextPointsTotalValue</Identifier>
		<FileFormat>ttf</FileFormat>
		<SizeX>360</SizeX>
		<SizeY>40</SizeY>
		<PositionX>-40</PositionX>
		<PositionY>90</PositionY>
		<FontType>RobotoCondensed-Regular</FontType>
		<FontSize>20</FontSize>
		<FontColor>0,117,170</FontColor>
		<TextAlignment>Right</TextAlignment>
		<TextAlignmentVertical>Top</TextAlignmentVertical>
		<ZOrder>4</ZOrder>
	</asset>
	<asset>
		<Identifier>MatchResultDrawDetailsGraphicPointsTotal</Identifier>
		<FilenameVariance>GraphicScorePoints</FilenameVariance>
		<FileFormat>png</FileFormat>
		<PositionX>155</PositionX>
		<PositionY>95</PositionY>
		<ResourceFolder>Common</ResourceFolder>
		<ZOrder>7</ZOrder>
	</asset>
	<asset>
		<Identifier>MatchResultDrawDetailsLabelTextFundsTitle</Identifier>
		<FileFormat>ttf</FileFormat>
		<SizeX>360</SizeX>
		<SizeY>40</SizeY>
		<PositionX>0</PositionX>
		<PositionY>50</PositionY>
		<FontType>RobotoCondensed-Bold</FontType>
		<FontSize>20</FontSize>
		<FontColor>0,117,170</FontColor>
		<TextAlignment>Left</TextAlignment>
		<TextAlignmentVertical>Top</TextAlignmentVertical>
		<ZOrder>4</ZOrder>
	</asset>
	<asset>
		<Identifier>MatchResultDrawDetailsLabelTextFundsContent</Identifier>
		<FileFormat>ttf</FileFormat>
		<SizeX>360</SizeX>
		<SizeY>40</SizeY>
		<PositionX>-80</PositionX>
		<PositionY>20</PositionY>
		<FontType>RobotoCondensed-Regular</FontType>
		<FontSize>20</FontSize>
		<FontColor>0,117,170</FontColor>
		<TextAlignment>Right</TextAlignment>
		<TextAlignmentVertical>Top</TextAlignmentVertical>
		<ZOrder>4</ZOrder>
	</asset>
	<asset>
		<Identifier>MatchResultDrawDetailsGraphicBackground</Identifier>
		<FilenameVariance>GraphicPopUpResultSmall</FilenameVariance>
		<FileFormat>png</FileFormat>
		<PositionX>0</PositionX>
		<PositionY>164</PositionY>
		<ResourceFolder>Common</ResourceFolder>
		<ZOrder>1</ZOrder>
	</asset>
</assets>
