<?xml version="1.0" encoding="ISO-8859-1"?>
<assets>
	<asset>
		<Identifier>Self</Identifier>
		<PositionX>0</PositionX>
		<PositionY>0</PositionY>
		<ChildrenDesignRelative>1</ChildrenDesignRelative>
	</asset>
	<asset>
		<Identifier>OpponentSearchMenuUserLabelTextPlayerName</Identifier>
		<FileFormat>system</FileFormat>
		<SizeX>300</SizeX>
		<SizeY>30</SizeY>
		<PositionX>0</PositionX>
		<PositionY>8</PositionY>
		<FontType>RobotoCondensed-Bold</FontType>
		<FontSize>20</FontSize>
		<FontColor>120,120,120</FontColor>
		<TextAlignment>Center</TextAlignment>
		<TextAlignmentVertical>Center</TextAlignmentVertical>
		<ZOrder>3</ZOrder>
	</asset>
	<asset>
		<Identifier>OpponentSearchMenuUserLabelTextContent</Identifier>
		<FileFormat>ttf</FileFormat>
		<SizeX>300</SizeX>
		<SizeY>30</SizeY>
		<PositionX>0</PositionX>
		<PositionY>-12</PositionY>
		<FontType>RobotoCondensed-Regular</FontType>
		<FontSize>16</FontSize>
		<FontColor>180,180,180</FontColor>
		<TextAlignment>Center</TextAlignment>
		<TextAlignmentVertical>Center</TextAlignmentVertical>
		<ZOrder>3</ZOrder>
	</asset>
	<asset>
		<Identifier>OpponentSearchMenuUserButtonMatch</Identifier>
		<FilenameVariance>ButtonStandardMenu</FilenameVariance>
		<FileFormat>png</FileFormat>
		<PositionX>0</PositionX>
		<PositionY>0</PositionY>
		<ResourceFolder>Common</ResourceFolder>
		<ZOrder>1</ZOrder>
		<SelectedImage>1</SelectedImage>
		<ButtonClickSound>GuiButton.mp3</ButtonClickSound>
	</asset>
	<asset>
		<Identifier>OpponentSearchMenuUserGraphicOpponentAvatar*</Identifier>
		<FileFormat>jpg</FileFormat>
		<PositionX>-17000</PositionX>
		<PositionY>0</PositionY>
		<ResourceFolder>Common</ResourceFolder>
		<ZOrder>2</ZOrder>
	</asset>
	<asset>
		<Identifier>OpponentSearchMenuUserButtonOpponentAvatar</Identifier>
		<FilenameVariance>ButtonAvatar</FilenameVariance>
		<FileFormat>png</FileFormat>
		<PositionX>-17000</PositionX>
		<PositionY>0</PositionY>
		<ResourceFolder>Common</ResourceFolder>
		<ZOrder>1</ZOrder>
		<SelectedImage>1</SelectedImage>
		<ButtonClickSound>GuiButton.mp3</ButtonClickSound>
	</asset>
	<asset>
		<Identifier>OpponentSearchMenuUserButtonMatchIcon</Identifier>
		<FilenameVariance>GraphicStatusReady</FilenameVariance>
		<FileFormat>png</FileFormat>
		<PositionX>170</PositionX>
		<PositionY>0</PositionY>
		<ResourceFolder>Common</ResourceFolder>
		<ZOrder>5</ZOrder>
		<SelectedImage>1</SelectedImage>
		<ButtonClickSound>GuiButton.mp3</ButtonClickSound>
	</asset>
</assets>
