<?xml version="1.0" encoding="ISO-8859-1"?>
<assets>
	<asset>
		<Identifier>Self</Identifier>
		<PositionX>0</PositionX>
		<PositionY>0</PositionY>
		<ChildrenDesignRelative>1</ChildrenDesignRelative>
	</asset>
	<asset>
		<Identifier>OpponentSearchMenuLabelTextTitle</Identifier>
		<FileFormat>ttf</FileFormat>
		<SizeX>420</SizeX>
		<SizeY>40</SizeY>
		<PositionX>0</PositionX>
		<PositionY>265</PositionY>
		<FontType>RobotoCondensed-Bold</FontType>
		<FontSize>30</FontSize>
		<FontColor>255,255,255</FontColor>
		<TextAlignment>Center</TextAlignment>
		<TextAlignmentVertical>Top</TextAlignmentVertical>
		<ZOrder>4</ZOrder>
	</asset>
	<asset>
		<Identifier>OpponentSearchMenuButtonBack</Identifier>
		<FilenameVariance>ButtonBack</FilenameVariance>
		<FileFormat>png</FileFormat>
		<PositionX>-180</PositionX>
		<PositionY>284</PositionY>
		<ResourceFolder>Common</ResourceFolder>
		<ZOrder>4</ZOrder>
		<SelectedImage>1</SelectedImage>
		<ButtonClickSound>GuiButton.mp3</ButtonClickSound>
	</asset>
	<asset>
		<Identifier>OpponentSearchMenuLabelTextBack</Identifier>
		<FileFormat>ttf</FileFormat>
		<SizeX>150</SizeX>
		<SizeY>20</SizeY>
		<PositionX>-180</PositionX>
		<PositionY>242</PositionY>
		<FontType>RobotoCondensed-Bold</FontType>
		<FontSize>16</FontSize>
		<FontColor>255,255,255</FontColor>
		<TextAlignment>Center</TextAlignment>
		<TextAlignmentVertical>Top</TextAlignmentVertical>
		<ZOrder>4</ZOrder>
	</asset>
	<asset>
		<Identifier>OpponentSearchMenuButtonShare</Identifier>
		<FilenameVariance>ButtonShare</FilenameVariance>
		<FileFormat>png</FileFormat>
		<PositionX>17000</PositionX>
		<PositionY>265</PositionY>
		<ResourceFolder>Common</ResourceFolder>
		<ZOrder>4</ZOrder>
		<SelectedImage>1</SelectedImage>
		<ButtonClickSound>GuiButton.mp3</ButtonClickSound>
	</asset>
	<asset>
		<Identifier>OpponentSearchMenuLabelTextShare</Identifier>
		<FileFormat>ttf</FileFormat>
		<SizeX>200</SizeX>
		<SizeY>60</SizeY>
		<PositionX>17000</PositionX>
		<PositionY>205</PositionY>
		<FontType>RobotoCondensed-Bold</FontType>
		<FontSize>16</FontSize>
		<FontColor>255,255,255</FontColor>
		<TextAlignment>Center</TextAlignment>
		<TextAlignmentVertical>Top</TextAlignmentVertical>
		<ZOrder>4</ZOrder>
	</asset>
	<asset>
		<Identifier>OpponentSearchMenuButtonRandomOpponent</Identifier>
		<FilenameVariance>ButtonStandardAcceptBig</FilenameVariance>
		<FileFormat>png</FileFormat>
		<PositionX>0</PositionX>
		<PositionY>173</PositionY>
		<ResourceFolder>Common</ResourceFolder>
		<ZOrder>4</ZOrder>
		<SelectedImage>1</SelectedImage>
		<ButtonClickSound>GuiButton.mp3</ButtonClickSound>
	</asset>
	<asset>
		<Identifier>OpponentSearchMenuLabelTextRandomOpponent</Identifier>
		<FileFormat>ttf</FileFormat>
		<SizeX>300</SizeX>
		<SizeY>40</SizeY>
		<PositionX>0</PositionX>
		<PositionY>176</PositionY>
		<FontType>RobotoCondensed-Bold</FontType>
		<FontSize>30</FontSize>
		<FontColor>0,117,170</FontColor>
		<TextAlignment>Center</TextAlignment>
		<TextAlignmentVertical>Center</TextAlignmentVertical>
		<ZOrder>6</ZOrder>
	</asset>
	<asset>
		<Identifier>OpponentSearchMenuGraphicBackgroundFrameChallengePlayer</Identifier>
		<FilenameVariance>GraphicFrameChallengePlayer</FilenameVariance>
		<FileFormat>png</FileFormat>
		<PositionX>0</PositionX>
		<PositionY>-78</PositionY>
		<ResourceFolder>Common</ResourceFolder>
		<ZOrder>1</ZOrder>
	</asset>
	<asset>
		<Identifier>OpponentSearchMenuCustomAssetClippingMaskOpponents</Identifier>
		<SizeX>450</SizeX>
		<SizeY>430</SizeY>
		<PositionX>0</PositionX>
		<PositionY>-95</PositionY>
	</asset>
	<asset>
		<Identifier>OpponentSearchMenuEditTextSearch</Identifier>
		<FilenameVariance>GraphicEditText</FilenameVariance>
		<FileFormat>png</FileFormat>
		<SizeX>173</SizeX>
		<SizeY>27</SizeY>
		<PositionX>-35</PositionX>
		<PositionY>-340</PositionY>
		<FontType>RobotoCondensed-Regular</FontType>
		<FontSize>20</FontSize>
		<FontColor>120,120,120</FontColor>
		<TextAlignment>Center</TextAlignment>
		<TextAlignmentVertical>Center</TextAlignmentVertical>
		<ResourceFolder>Common</ResourceFolder>
		<ZOrder>6</ZOrder>
	</asset>
	<asset>
		<Identifier>OpponentSearchMenuGraphicEditTextBackground</Identifier>
		<FilenameVariance>GraphicEditTextBackground</FilenameVariance>
		<FileFormat>png</FileFormat>
		<PositionX>0</PositionX>
		<PositionY>-340</PositionY>
		<ResourceFolder>Common</ResourceFolder>
		<ZOrder>1</ZOrder>
	</asset>
	<asset>
		<Identifier>OpponentSearchMenuLabelTextLoadOlderData*</Identifier>
		<FileFormat>ttf</FileFormat>
		<SizeX>150</SizeX>
		<SizeY>30</SizeY>
		<PositionX>0</PositionX>
		<PositionY>0</PositionY>
		<FontType>RobotoCondensed-Regular</FontType>
		<FontSize>20</FontSize>
		<FontColor>120,120,120</FontColor>
		<TextAlignment>Center</TextAlignment>
		<TextAlignmentVertical>Center</TextAlignmentVertical>
		<ZOrder>3</ZOrder>
	</asset>
	<asset>
		<Identifier>OpponentSearchMenuButtonLoadOlderData*</Identifier>
		<FilenameVariance>ButtonStandardMenu</FilenameVariance>
		<FileFormat>png</FileFormat>
		<PositionX>0</PositionX>
		<PositionY>0</PositionY>
		<ResourceFolder>Common</ResourceFolder>
		<ZOrder>1</ZOrder>
		<ButtonClickSound>GuiButton.mp3</ButtonClickSound>
	</asset>
	<asset>
		<Identifier>OpponentSearchMenuCustomAssetPadding</Identifier>
		<SizeX>0</SizeX>
		<SizeY>0</SizeY>
		<PositionX>0</PositionX>
		<PositionY>0</PositionY>
	</asset>
	<asset>
		<Identifier>OpponentSearchMenuGraphicBackground</Identifier>
		<FilenameVariance>GraphicBackgroundMenu</FilenameVariance>
		<FileFormat>jpg</FileFormat>
		<PositionX>0</PositionX>
		<PositionY>0</PositionY>
		<ResourceFolder>Common</ResourceFolder>
		<ZOrder>0</ZOrder>
	</asset>
</assets>
