<?xml version="1.0" encoding="ISO-8859-1"?>
<assets>
	<asset>
		<Identifier>Self</Identifier>
		<PositionX>0</PositionX>
		<PositionY>0</PositionY>
		<ChildrenDesignRelative>1</ChildrenDesignRelative>
	</asset>
	<asset>
		<Identifier>ProfileStatisticsBarGreenLabelTextTitle</Identifier>
		<FileFormat>ttf</FileFormat>
		<SizeX>420</SizeX>
		<SizeY>30</SizeY>
		<PositionX>0</PositionX>
		<PositionY>14</PositionY>
		<FontType>RobotoCondensed-Regular</FontType>
		<FontSize>20</FontSize>
		<FontColor>255,255,255</FontColor>
		<TextAlignment>Center</TextAlignment>
		<TextAlignmentVertical>Center</TextAlignmentVertical>
		<ZOrder>5</ZOrder>
	</asset>
	<asset>
		<Identifier>ProfileStatisticsBarGreenLabelTextValue</Identifier>
		<FileFormat>ttf</FileFormat>
		<SizeX>420</SizeX>
		<SizeY>30</SizeY>
		<PositionX>0</PositionX>
		<PositionY>-11</PositionY>
		<FontType>EurostileTBla</FontType>
		<FontSize>20</FontSize>
		<FontColor>255,255,255</FontColor>
		<TextAlignment>Center</TextAlignment>
		<TextAlignmentVertical>Center</TextAlignmentVertical>
		<ZOrder>5</ZOrder>
	</asset>
	<asset>
		<Identifier>ProfileStatisticsBarGreenGraphicColumnChart</Identifier>
		<FilenameVariance>GraphicColumnChartGreen</FilenameVariance>
		<FileFormat>jpg</FileFormat>
		<PositionX>0</PositionX>
		<PositionY>-13</PositionY>
		<ResourceFolder>Common</ResourceFolder>
		<ZOrder>2</ZOrder>
	</asset>
	<asset>
		<Identifier>ProfileStatisticsBarGreenGraphicColumnChartBackground</Identifier>
		<FilenameVariance>GraphicColumnChartBackground</FilenameVariance>
		<FileFormat>png</FileFormat>
		<PositionX>0</PositionX>
		<PositionY>-13</PositionY>
		<ResourceFolder>Common</ResourceFolder>
		<ZOrder>1</ZOrder>
	</asset>
</assets>
