<?xml version="1.0" encoding="ISO-8859-1"?>
<assets>
	<asset>
		<Identifier>Self</Identifier>
		<PositionX>0</PositionX>
		<PositionY>0</PositionY>
		<ChildrenDesignRelative>1</ChildrenDesignRelative>
	</asset>
	<asset>
		<Identifier>ProfileGraphicBackground</Identifier>
		<FilenameVariance>GraphicBackgroundMenu</FilenameVariance>
		<FileFormat>jpg</FileFormat>
		<PositionX>0</PositionX>
		<PositionY>0</PositionY>
		<ResourceFolder>Common</ResourceFolder>
		<ZOrder>0</ZOrder>
	</asset>
	<asset>
		<Identifier>ProfileButtonBack</Identifier>
		<FilenameVariance>ButtonBack</FilenameVariance>
		<FileFormat>png</FileFormat>
		<PositionX>-180</PositionX>
		<PositionY>284</PositionY>
		<ResourceFolder>Common</ResourceFolder>
		<ZOrder>4</ZOrder>
		<SelectedImage>1</SelectedImage>
		<ButtonClickSound>GuiButton.mp3</ButtonClickSound>
	</asset>
	<asset>
		<Identifier>ProfileLabelTextBack</Identifier>
		<FileFormat>ttf</FileFormat>
		<SizeX>150</SizeX>
		<SizeY>20</SizeY>
		<PositionX>-180</PositionX>
		<PositionY>242</PositionY>
		<FontType>RobotoCondensed-Bold</FontType>
		<FontSize>16</FontSize>
		<FontColor>255,255,255</FontColor>
		<TextAlignment>Center</TextAlignment>
		<TextAlignmentVertical>Top</TextAlignmentVertical>
		<ZOrder>6</ZOrder>
	</asset>
	<asset>
		<Identifier>ProfileLabelTextPlayerName</Identifier>
		<FileFormat>system</FileFormat>
		<SizeX>420</SizeX>
		<SizeY>40</SizeY>
		<PositionX>0</PositionX>
		<PositionY>130</PositionY>
		<FontType>RobotoCondensed-Bold</FontType>
		<FontSize>30</FontSize>
		<FontColor>255,255,255</FontColor>
		<TextAlignment>Center</TextAlignment>
		<TextAlignmentVertical>Top</TextAlignmentVertical>
		<ZOrder>4</ZOrder>
	</asset>
	<asset>
		<Identifier>ProfileGraphicPlayerAvatar*</Identifier>
		<FileFormat>jpg</FileFormat>
		<PositionX>0</PositionX>
		<PositionY>15000</PositionY>
		<ResourceFolder>Common</ResourceFolder>
		<ZOrder>7</ZOrder>
	</asset>
	<asset>
		<Identifier>ProfileButtonAvatarEditor</Identifier>
		<FilenameVariance>ButtonAvatarEditor</FilenameVariance>
		<FileFormat>png</FileFormat>
		<PositionX>0</PositionX>
		<PositionY>15000</PositionY>
		<ResourceFolder>Common</ResourceFolder>
		<ZOrder>8</ZOrder>
		<ButtonClickSound>GuiButton.mp3</ButtonClickSound>
	</asset>
	<asset>
		<Identifier>ProfileGraphicBackgroundPlayerAvatar</Identifier>
		<FilenameVariance>GraphicProfilePictureBorderLage</FilenameVariance>
		<FileFormat>png</FileFormat>
		<PositionX>0</PositionX>
		<PositionY>15000</PositionY>
		<ResourceFolder>Common</ResourceFolder>
		<ZOrder>3</ZOrder>
	</asset>
	<asset>
		<Identifier>ProfileLabelTextMatchesWonTitle</Identifier>
		<FileFormat>ttf</FileFormat>
		<SizeX>220</SizeX>
		<SizeY>30</SizeY>
		<PositionX>-70</PositionX>
		<PositionY>90</PositionY>
		<FontType>RobotoCondensed-Regular</FontType>
		<FontSize>20</FontSize>
		<FontColor>255,255,255</FontColor>
		<TextAlignment>Right</TextAlignment>
		<TextAlignmentVertical>Center</TextAlignmentVertical>
		<ZOrder>5</ZOrder>
	</asset>
	<asset>
		<Identifier>ProfileLabelTextMatchesWonValue</Identifier>
		<FileFormat>ttf</FileFormat>
		<SizeX>220</SizeX>
		<SizeY>30</SizeY>
		<PositionX>170</PositionX>
		<PositionY>90</PositionY>
		<FontType>RobotoCondensed-Bold</FontType>
		<FontSize>20</FontSize>
		<FontColor>255,255,255</FontColor>
		<TextAlignment>Left</TextAlignment>
		<TextAlignmentVertical>Center</TextAlignmentVertical>
		<ZOrder>5</ZOrder>
	</asset>
	<asset>
		<Identifier>ProfileLabelTextMatchesLostTitle</Identifier>
		<FileFormat>ttf</FileFormat>
		<SizeX>220</SizeX>
		<SizeY>30</SizeY>
		<PositionX>-70</PositionX>
		<PositionY>60</PositionY>
		<FontType>RobotoCondensed-Regular</FontType>
		<FontSize>20</FontSize>
		<FontColor>255,255,255</FontColor>
		<TextAlignment>Right</TextAlignment>
		<TextAlignmentVertical>Center</TextAlignmentVertical>
		<ZOrder>5</ZOrder>
	</asset>
	<asset>
		<Identifier>ProfileLabelTextMatchesLostValue</Identifier>
		<FileFormat>ttf</FileFormat>
		<SizeX>220</SizeX>
		<SizeY>30</SizeY>
		<PositionX>170</PositionX>
		<PositionY>60</PositionY>
		<FontType>RobotoCondensed-Bold</FontType>
		<FontSize>20</FontSize>
		<FontColor>255,255,255</FontColor>
		<TextAlignment>Left</TextAlignment>
		<TextAlignmentVertical>Center</TextAlignmentVertical>
		<ZOrder>5</ZOrder>
	</asset>
	<asset>
		<Identifier>ProfileLabelTextNotPlayedMatchesTitle</Identifier>
		<FileFormat>ttf</FileFormat>
		<SizeX>220</SizeX>
		<SizeY>30</SizeY>
		<PositionX>-70</PositionX>
		<PositionY>30</PositionY>
		<FontType>RobotoCondensed-Regular</FontType>
		<FontSize>20</FontSize>
		<FontColor>255,255,255</FontColor>
		<TextAlignment>Right</TextAlignment>
		<TextAlignmentVertical>Center</TextAlignmentVertical>
		<ZOrder>5</ZOrder>
	</asset>
	<asset>
		<Identifier>ProfileLabelTextNotPlayedMatchesValue</Identifier>
		<FileFormat>ttf</FileFormat>
		<SizeX>220</SizeX>
		<SizeY>30</SizeY>
		<PositionX>170</PositionX>
		<PositionY>30</PositionY>
		<FontType>RobotoCondensed-Bold</FontType>
		<FontSize>20</FontSize>
		<FontColor>255,255,255</FontColor>
		<TextAlignment>Left</TextAlignment>
		<TextAlignmentVertical>Center</TextAlignmentVertical>
		<ZOrder>5</ZOrder>
	</asset>
	<asset>
		<Identifier>ProfileLabelTextFriendsTitle</Identifier>
		<FileFormat>ttf</FileFormat>
		<SizeX>220</SizeX>
		<SizeY>30</SizeY>
		<PositionX>-70</PositionX>
		<PositionY>0</PositionY>
		<FontType>RobotoCondensed-Regular</FontType>
		<FontSize>20</FontSize>
		<FontColor>255,255,255</FontColor>
		<TextAlignment>Right</TextAlignment>
		<TextAlignmentVertical>Center</TextAlignmentVertical>
		<ZOrder>5</ZOrder>
	</asset>
	<asset>
		<Identifier>ProfileLabelTextFriendsValue</Identifier>
		<FileFormat>ttf</FileFormat>
		<SizeX>220</SizeX>
		<SizeY>30</SizeY>
		<PositionX>170</PositionX>
		<PositionY>0</PositionY>
		<FontType>RobotoCondensed-Bold</FontType>
		<FontSize>20</FontSize>
		<FontColor>255,255,255</FontColor>
		<TextAlignment>Left</TextAlignment>
		<TextAlignmentVertical>Center</TextAlignmentVertical>
		<ZOrder>5</ZOrder>
	</asset>
	<asset>
		<Identifier>ProfileLabelTextWonLeaguesTitle</Identifier>
		<FileFormat>ttf</FileFormat>
		<SizeX>220</SizeX>
		<SizeY>30</SizeY>
		<PositionX>-7000</PositionX>
		<PositionY>-30</PositionY>
		<FontType>RobotoCondensed-Regular</FontType>
		<FontSize>20</FontSize>
		<FontColor>255,255,255</FontColor>
		<TextAlignment>Right</TextAlignment>
		<TextAlignmentVertical>Center</TextAlignmentVertical>
		<ZOrder>5</ZOrder>
	</asset>
	<asset>
		<Identifier>ProfileLabelTextWonLeaguesValue</Identifier>
		<FileFormat>ttf</FileFormat>
		<SizeX>220</SizeX>
		<SizeY>30</SizeY>
		<PositionX>17000</PositionX>
		<PositionY>-30</PositionY>
		<FontType>RobotoCondensed-Bold</FontType>
		<FontSize>20</FontSize>
		<FontColor>255,255,255</FontColor>
		<TextAlignment>Left</TextAlignment>
		<TextAlignmentVertical>Center</TextAlignmentVertical>
		<ZOrder>5</ZOrder>
	</asset>
	<asset>
		<Identifier>ProfileLabelTextCurrentLeaguesTitle</Identifier>
		<FileFormat>ttf</FileFormat>
		<SizeX>220</SizeX>
		<SizeY>30</SizeY>
		<PositionX>-7000</PositionX>
		<PositionY>-60</PositionY>
		<FontType>RobotoCondensed-Regular</FontType>
		<FontSize>20</FontSize>
		<FontColor>255,255,255</FontColor>
		<TextAlignment>Right</TextAlignment>
		<TextAlignmentVertical>Center</TextAlignmentVertical>
		<ZOrder>5</ZOrder>
	</asset>
	<asset>
		<Identifier>ProfileLabelTextLeague</Identifier>
		<FileFormat>ttf</FileFormat>
		<SizeX>220</SizeX>
		<SizeY>30</SizeY>
		<PositionX>17000</PositionX>
		<PositionY>-60</PositionY>
		<FontType>RobotoCondensed-Bold</FontType>
		<FontSize>20</FontSize>
		<FontColor>255,255,255</FontColor>
		<TextAlignment>Left</TextAlignment>
		<TextAlignmentVertical>Center</TextAlignmentVertical>
		<ZOrder>5</ZOrder>
	</asset>
	<asset>
		<Identifier>ProfileGraphicLeague*</Identifier>
		<FileFormat>png</FileFormat>
		<PositionX>14000</PositionX>
		<PositionY>80</PositionY>
		<ResourceFolder>Common</ResourceFolder>
		<ZOrder>6</ZOrder>
	</asset>
</assets>
