<?xml version="1.0" encoding="ISO-8859-1"?>
<assets>
	<asset>
		<Identifier>Self</Identifier>
		<PositionX>0</PositionX>
		<PositionY>0</PositionY>
		<ChildrenDesignRelative>1</ChildrenDesignRelative>
	</asset>
	<asset>
		<Identifier>ProfileStatisticsPieChartGraphicPieChartBackground</Identifier>
		<FilenameVariance>GraphicPieChartBackground</FilenameVariance>
		<FileFormat>png</FileFormat>
		<PositionX>0</PositionX>
		<PositionY>75</PositionY>
		<ResourceFolder>Common</ResourceFolder>
		<ZOrder>1</ZOrder>
	</asset>
	<asset>
		<Identifier>ProfileStatisticsPieChartLabelTextTitle</Identifier>
		<FileFormat>ttf</FileFormat>
		<SizeX>220</SizeX>
		<SizeY>30</SizeY>
		<PositionX>-120</PositionX>
		<PositionY>-65</PositionY>
		<FontType>RobotoCondensed-Regular</FontType>
		<FontSize>20</FontSize>
		<FontColor>50,50,50</FontColor>
		<TextAlignment>Right</TextAlignment>
		<TextAlignmentVertical>Center</TextAlignmentVertical>
		<ZOrder>5</ZOrder>
	</asset>
	<asset>
		<Identifier>ProfileStatisticsPieChartLabelTextValue</Identifier>
		<FileFormat>ttf</FileFormat>
		<SizeX>220</SizeX>
		<SizeY>30</SizeY>
		<PositionX>120</PositionX>
		<PositionY>-65</PositionY>
		<FontType>EurostileTBla</FontType>
		<FontSize>20</FontSize>
		<FontColor>50,50,50</FontColor>
		<TextAlignment>Left</TextAlignment>
		<TextAlignmentVertical>Center</TextAlignmentVertical>
		<ZOrder>5</ZOrder>
	</asset>
	<asset>
		<Identifier>ProfileStatisticsPieChartLabelTextPercent</Identifier>
		<FileFormat>ttf</FileFormat>
		<SizeX>220</SizeX>
		<SizeY>30</SizeY>
		<PositionX>120</PositionX>
		<PositionY>-65</PositionY>
		<FontType>EurostileTBla</FontType>
		<FontSize>20</FontSize>
		<FontColor>65,120,0</FontColor>
		<TextAlignment>Center</TextAlignment>
		<TextAlignmentVertical>Center</TextAlignmentVertical>
		<ZOrder>5</ZOrder>
	</asset>
	<asset>
		<Identifier>ProfileStatisticsPieChartLabelTextTitle1</Identifier>
		<FileFormat>ttf</FileFormat>
		<SizeX>220</SizeX>
		<SizeY>30</SizeY>
		<PositionX>-120</PositionX>
		<PositionY>-95</PositionY>
		<FontType>RobotoCondensed-Regular</FontType>
		<FontSize>20</FontSize>
		<FontColor>50,50,50</FontColor>
		<TextAlignment>Right</TextAlignment>
		<TextAlignmentVertical>Center</TextAlignmentVertical>
		<ZOrder>5</ZOrder>
	</asset>
	<asset>
		<Identifier>ProfileStatisticsPieChartLabelTextValue1</Identifier>
		<FileFormat>ttf</FileFormat>
		<SizeX>220</SizeX>
		<SizeY>30</SizeY>
		<PositionX>120</PositionX>
		<PositionY>-95</PositionY>
		<FontType>EurostileTBla</FontType>
		<FontSize>20</FontSize>
		<FontColor>50,50,50</FontColor>
		<TextAlignment>Left</TextAlignment>
		<TextAlignmentVertical>Center</TextAlignmentVertical>
		<ZOrder>5</ZOrder>
	</asset>
	<asset>
		<Identifier>ProfileStatisticsPieChartLabelTextPercent1</Identifier>
		<FileFormat>ttf</FileFormat>
		<SizeX>220</SizeX>
		<SizeY>30</SizeY>
		<PositionX>120</PositionX>
		<PositionY>-95</PositionY>
		<FontType>EurostileTBla</FontType>
		<FontSize>20</FontSize>
		<FontColor>220,47,0</FontColor>
		<TextAlignment>Center</TextAlignment>
		<TextAlignmentVertical>Center</TextAlignmentVertical>
		<ZOrder>5</ZOrder>
	</asset>
	<asset>
		<Identifier>ProfileStatisticsPieChartGraphicThinFrame</Identifier>
		<FilenameVariance>GraphicFrameThin</FilenameVariance>
		<FileFormat>png</FileFormat>
		<PositionX>0</PositionX>
		<PositionY>-90</PositionY>
		<ResourceFolder>Common</ResourceFolder>
		<ZOrder>1</ZOrder>
	</asset>
</assets>
