<?xml version="1.0" encoding="ISO-8859-1"?>
<assets>
	<asset>
		<Identifier>Self</Identifier>
		<PositionX>0</PositionX>
		<PositionY>0</PositionY>
		<ChildrenDesignRelative>1</ChildrenDesignRelative>
	</asset>
	<asset>
		<Identifier>ProfileStatisticsGraphicBackground</Identifier>
		<FilenameVariance>GraphicBackgroundMenu</FilenameVariance>
		<FileFormat>jpg</FileFormat>
		<PositionX>0</PositionX>
		<PositionY>0</PositionY>
		<ResourceFolder>Common</ResourceFolder>
		<ZOrder>0</ZOrder>
	</asset>
	<asset>
		<Identifier>ProfileStatisticsButtonBack</Identifier>
		<FilenameVariance>ButtonBack</FilenameVariance>
		<FileFormat>png</FileFormat>
		<PositionX>-180</PositionX>
		<PositionY>284</PositionY>
		<ResourceFolder>Common</ResourceFolder>
		<ZOrder>4</ZOrder>
		<SelectedImage>1</SelectedImage>
		<ButtonClickSound>GuiButton.mp3</ButtonClickSound>
	</asset>
	<asset>
		<Identifier>ProfileStatisticsLabelTextBack</Identifier>
		<FileFormat>ttf</FileFormat>
		<SizeX>150</SizeX>
		<SizeY>20</SizeY>
		<PositionX>-180</PositionX>
		<PositionY>242</PositionY>
		<FontType>RobotoCondensed-Bold</FontType>
		<FontSize>16</FontSize>
		<FontColor>255,255,255</FontColor>
		<TextAlignment>Center</TextAlignment>
		<TextAlignmentVertical>Top</TextAlignmentVertical>
		<ZOrder>4</ZOrder>
	</asset>
	<asset>
		<Identifier>ProfileStatisticsLabelTextTitle</Identifier>
		<FileFormat>ttf</FileFormat>
		<SizeX>420</SizeX>
		<SizeY>40</SizeY>
		<PositionX>0</PositionX>
		<PositionY>255</PositionY>
		<FontType>RobotoCondensed-Bold</FontType>
		<FontSize>30</FontSize>
		<FontColor>255,255,255</FontColor>
		<TextAlignment>Center</TextAlignment>
		<TextAlignmentVertical>Top</TextAlignmentVertical>
		<ZOrder>4</ZOrder>
	</asset>
	<asset>
		<Identifier>ProfileStatisticsCustomAssetClippingMaskStatistics</Identifier>
		<SizeX>450</SizeX>
		<SizeY>600</SizeY>
		<PositionX>0</PositionX>
		<PositionY>-100</PositionY>
	</asset>
	<asset>
		<Identifier>ProfileStatisticsCustomAssetPaddingStatistics</Identifier>
		<SizeX>0</SizeX>
		<SizeY>10</SizeY>
		<PositionX>0</PositionX>
		<PositionY>0</PositionY>
	</asset>
</assets>
