<?xml version="1.0" encoding="ISO-8859-1"?>
<assets>
	<asset>
		<Identifier>Self</Identifier>
		<PositionX>0</PositionX>
		<PositionY>0</PositionY>
		<ChildrenDesignRelative>1</ChildrenDesignRelative>
	</asset>
	<asset>
		<Identifier>ProfileOpponentViewLabelTextTitle</Identifier>
		<FileFormat>ttf</FileFormat>
		<SizeX>420</SizeX>
		<SizeY>40</SizeY>
		<PositionX>0</PositionX>
		<PositionY>265</PositionY>
		<FontType>RobotoCondensed-Bold</FontType>
		<FontSize>30</FontSize>
		<FontColor>255,255,0</FontColor>
		<TextAlignment>Center</TextAlignment>
		<TextAlignmentVertical>Top</TextAlignmentVertical>
		<ZOrder>4</ZOrder>
	</asset>
	<asset>
		<Identifier>ProfileOpponentViewButtonAddFriend</Identifier>
		<FilenameVariance>ButtonAddFriend</FilenameVariance>
		<FileFormat>png</FileFormat>
		<PositionX>-180</PositionX>
		<PositionY>-240</PositionY>
		<ResourceFolder>Common</ResourceFolder>
		<ZOrder>4</ZOrder>
		<SelectedImage>1</SelectedImage>
		<ButtonClickSound>GuiButton.mp3</ButtonClickSound>
	</asset>
	<asset>
		<Identifier>ProfileOpponentViewLabelTextAddFriend</Identifier>
		<FileFormat>ttf</FileFormat>
		<SizeX>150</SizeX>
		<SizeY>60</SizeY>
		<PositionX>-180</PositionX>
		<PositionY>-300</PositionY>
		<FontType>RobotoCondensed-Bold</FontType>
		<FontSize>16</FontSize>
		<FontColor>255,255,255</FontColor>
		<TextAlignment>Center</TextAlignment>
		<TextAlignmentVertical>Top</TextAlignmentVertical>
		<ZOrder>5</ZOrder>
	</asset>
	<asset>
		<Identifier>ProfileOpponentViewButtonRemoveFriend</Identifier>
		<FilenameVariance>ButtonRemoveFriend</FilenameVariance>
		<FileFormat>png</FileFormat>
		<PositionX>-180</PositionX>
		<PositionY>-240</PositionY>
		<ResourceFolder>Common</ResourceFolder>
		<ZOrder>4</ZOrder>
		<SelectedImage>1</SelectedImage>
		<ButtonClickSound>GuiButton.mp3</ButtonClickSound>
	</asset>
	<asset>
		<Identifier>ProfileOpponentViewLabelTextRemoveFriend</Identifier>
		<FileFormat>ttf</FileFormat>
		<SizeX>150</SizeX>
		<SizeY>60</SizeY>
		<PositionX>-180</PositionX>
		<PositionY>-300</PositionY>
		<FontType>RobotoCondensed-Bold</FontType>
		<FontSize>16</FontSize>
		<FontColor>255,255,255</FontColor>
		<TextAlignment>Center</TextAlignment>
		<TextAlignmentVertical>Top</TextAlignmentVertical>
		<ZOrder>5</ZOrder>
	</asset>
	<asset>
		<Identifier>ProfileOpponentViewButtonNewMatch</Identifier>
		<FilenameVariance>ButtonStandard</FilenameVariance>
		<FileFormat>png</FileFormat>
		<PositionX>0</PositionX>
		<PositionY>-260</PositionY>
		<ResourceFolder>Common</ResourceFolder>
		<ZOrder>4</ZOrder>
		<SelectedImage>1</SelectedImage>
		<ButtonClickSound>GuiButton.mp3</ButtonClickSound>
	</asset>
	<asset>
		<Identifier>ProfileOpponentViewLabelTextNewMatch</Identifier>
		<FileFormat>ttf</FileFormat>
		<SizeX>300</SizeX>
		<SizeY>40</SizeY>
		<PositionX>0</PositionX>
		<PositionY>-260</PositionY>
		<FontType>RobotoCondensed-Bold</FontType>
		<FontSize>20</FontSize>
		<FontColor>0,117,170</FontColor>
		<TextAlignment>Center</TextAlignment>
		<TextAlignmentVertical>Center</TextAlignmentVertical>
		<ZOrder>6</ZOrder>
	</asset>
	<asset>
		<Identifier>ProfileOpponentViewButtonChat</Identifier>
		<FilenameVariance>ButtonChat</FilenameVariance>
		<FileFormat>png</FileFormat>
		<PositionX>180</PositionX>
		<PositionY>-240</PositionY>
		<FontType>RobotoCondensed-Bold</FontType>
		<FontSize>16</FontSize>
		<FontColor>255,255,255</FontColor>
		<TextAlignment>Center</TextAlignment>
		<TextAlignmentVertical>Top</TextAlignmentVertical>
		<ResourceFolder>Common</ResourceFolder>
		<ZOrder>4</ZOrder>
		<SelectedImage>1</SelectedImage>
		<ButtonClickSound>GuiButton.mp3</ButtonClickSound>
	</asset>
	<asset>
		<Identifier>ProfileOpponentViewLabelTextChat</Identifier>
		<FileFormat>ttf</FileFormat>
		<SizeX>150</SizeX>
		<SizeY>60</SizeY>
		<PositionX>180</PositionX>
		<PositionY>-300</PositionY>
		<FontType>RobotoCondensed-Bold</FontType>
		<FontSize>16</FontSize>
		<FontColor>255,255,255</FontColor>
		<TextAlignment>Center</TextAlignment>
		<TextAlignmentVertical>Top</TextAlignmentVertical>
		<ZOrder>5</ZOrder>
	</asset>
	<asset>
		<Identifier>ProfileOpponentViewButtonCompare</Identifier>
		<FilenameVariance>ButtonCompare</FilenameVariance>
		<FileFormat>png</FileFormat>
		<PositionX>17000</PositionX>
		<PositionY>265</PositionY>
		<ResourceFolder>Common</ResourceFolder>
		<ZOrder>4</ZOrder>
		<SelectedImage>1</SelectedImage>
		<ButtonClickSound>GuiButton.mp3</ButtonClickSound>
	</asset>
	<asset>
		<Identifier>ProfileOpponentViewLabelTextCompare</Identifier>
		<FileFormat>ttf</FileFormat>
		<SizeX>150</SizeX>
		<SizeY>60</SizeY>
		<PositionX>17000</PositionX>
		<PositionY>205</PositionY>
		<FontType>RobotoCondensed-Bold</FontType>
		<FontSize>16</FontSize>
		<FontColor>255,255,255</FontColor>
		<TextAlignment>Center</TextAlignment>
		<TextAlignmentVertical>Top</TextAlignmentVertical>
		<ZOrder>5</ZOrder>
	</asset>
</assets>
