<?xml version="1.0" encoding="ISO-8859-1"?>
<assets>
	<asset>
		<Identifier>Self</Identifier>
		<PositionX>0</PositionX>
		<PositionY>0</PositionY>
		<ChildrenDesignRelative>1</ChildrenDesignRelative>
	</asset>
	<asset>
		<Identifier>PurchaseDeactivateAdsCapacityGraphicDividingLine1</Identifier>
		<FilenameVariance>GraphicDividingLine</FilenameVariance>
		<FileFormat>jpg</FileFormat>
		<PositionX>-10000</PositionX>
		<PositionY>113</PositionY>
		<ResourceFolder>Common</ResourceFolder>
		<ZOrder>6</ZOrder>
	</asset>
	<asset>
		<Identifier>PurchaseDeactivateAdsGraphicRemoveAd</Identifier>
		<FilenameVariance>GraphicNoAdvertisment</FilenameVariance>
		<FileFormat>png</FileFormat>
		<PositionX>-156</PositionX>
		<PositionY>51</PositionY>
		<ResourceFolder>Purchase</ResourceFolder>
		<ZOrder>5</ZOrder>
	</asset>
	<asset>
		<Identifier>PurchaseDeactivateAdsLabelTextTitleRemoveAd</Identifier>
		<FileFormat>ttf</FileFormat>
		<SizeX>250</SizeX>
		<SizeY>30</SizeY>
		<PositionX>36</PositionX>
		<PositionY>78</PositionY>
		<FontType>EurostileTBla</FontType>
		<FontSize>24</FontSize>
		<FontColor>50,50,50</FontColor>
		<TextAlignment>Left</TextAlignment>
		<TextAlignmentVertical>Center</TextAlignmentVertical>
		<ZOrder>5</ZOrder>
	</asset>
	<asset>
		<Identifier>PurchaseDeactivateAdsLabelTextRemoveAd</Identifier>
		<FileFormat>ttf</FileFormat>
		<SizeX>250</SizeX>
		<SizeY>50</SizeY>
		<PositionX>36</PositionX>
		<PositionY>34</PositionY>
		<FontType>RobotoCondensed-Regular</FontType>
		<FontSize>20</FontSize>
		<FontColor>255,255,255</FontColor>
		<TextAlignment>Left</TextAlignment>
		<TextAlignmentVertical>Center</TextAlignmentVertical>
		<ZOrder>5</ZOrder>
	</asset>
	<asset>
		<Identifier>PurchaseDeactivateAdsRadioButtonShortDuration</Identifier>
		<FilenameVariance>ButtonRadio</FilenameVariance>
		<FileFormat>png</FileFormat>
		<PositionX>-13000</PositionX>
		<PositionY>-29</PositionY>
		<ResourceFolder>Common</ResourceFolder>
		<ZOrder>5</ZOrder>
		<SelectedImage>1</SelectedImage>
		<DisabledImage>1</DisabledImage>
		<ButtonClickSound>GuiButton.mp3</ButtonClickSound>
		<RadioButtonGroupIdentifier>PurchaseDeactivateAdsOptions</RadioButtonGroupIdentifier>
	</asset>
	<asset>
		<Identifier>PurchaseDeactivateAdsLabelTextAmountShortDuration</Identifier>
		<FileFormat>ttf</FileFormat>
		<SizeX>60</SizeX>
		<SizeY>30</SizeY>
		<PositionX>-9000</PositionX>
		<PositionY>-27</PositionY>
		<FontType>EurostileTBla</FontType>
		<FontSize>24</FontSize>
		<FontColor>255,255,255</FontColor>
		<TextAlignment>Right</TextAlignment>
		<TextAlignmentVertical>Center</TextAlignmentVertical>
		<ZOrder>5</ZOrder>
	</asset>
	<asset>
		<Identifier>PurchaseDeactivateAdsLabelTextShortDuration</Identifier>
		<FileFormat>ttf</FileFormat>
		<SizeX>60</SizeX>
		<SizeY>30</SizeY>
		<PositionX>-2700</PositionX>
		<PositionY>-29</PositionY>
		<FontType>RobotoCondensed-Regular</FontType>
		<FontSize>20</FontSize>
		<FontColor>255,255,255</FontColor>
		<TextAlignment>Left</TextAlignment>
		<TextAlignmentVertical>Center</TextAlignmentVertical>
		<ZOrder>5</ZOrder>
	</asset>
	<asset>
		<Identifier>PurchaseDeactivateAdsRadioButtonLongDuration</Identifier>
		<FilenameVariance>ButtonRadio</FilenameVariance>
		<FileFormat>png</FileFormat>
		<PositionX>-130</PositionX>
		<PositionY>-29</PositionY>
		<ResourceFolder>Common</ResourceFolder>
		<ZOrder>5</ZOrder>
		<SelectedImage>1</SelectedImage>
		<DisabledImage>1</DisabledImage>
		<ButtonClickSound>GuiButton.mp3</ButtonClickSound>
		<RadioButtonGroupIdentifier>PurchaseDeactivateAdsOptions</RadioButtonGroupIdentifier>
	</asset>
	<asset>
		<Identifier>PurchaseDeactivateAdsLabelTextAmountLongDuration</Identifier>
		<FileFormat>ttf</FileFormat>
		<SizeX>60</SizeX>
		<SizeY>30</SizeY>
		<PositionX>-90</PositionX>
		<PositionY>-27</PositionY>
		<FontType>EurostileTBla</FontType>
		<FontSize>24</FontSize>
		<FontColor>255,255,255</FontColor>
		<TextAlignment>Right</TextAlignment>
		<TextAlignmentVertical>Center</TextAlignmentVertical>
		<ZOrder>5</ZOrder>
	</asset>
	<asset>
		<Identifier>PurchaseDeactivateAdsLabelTextLongDuration</Identifier>
		<FileFormat>ttf</FileFormat>
		<SizeX>60</SizeX>
		<SizeY>30</SizeY>
		<PositionX>-27</PositionX>
		<PositionY>-29</PositionY>
		<FontType>RobotoCondensed-Regular</FontType>
		<FontSize>20</FontSize>
		<FontColor>255,255,255</FontColor>
		<TextAlignment>Left</TextAlignment>
		<TextAlignmentVertical>Center</TextAlignmentVertical>
		<ZOrder>5</ZOrder>
	</asset>
	<asset>
		<Identifier>PurchaseDeactivateAdsLabelTextActive</Identifier>
		<FileFormat>ttf</FileFormat>
		<SizeX>120</SizeX>
		<SizeY>30</SizeY>
		<PositionX>-126</PositionX>
		<PositionY>-77</PositionY>
		<FontType>RobotoCondensed-Regular</FontType>
		<FontSize>20</FontSize>
		<FontColor>255,255,255</FontColor>
		<TextAlignment>Right</TextAlignment>
		<TextAlignmentVertical>Center</TextAlignmentVertical>
		<ZOrder>5</ZOrder>
	</asset>
	<asset>
		<Identifier>PurchaseDeactivateAdsLabelTextDeactive</Identifier>
		<FileFormat>ttf</FileFormat>
		<SizeX>120</SizeX>
		<SizeY>30</SizeY>
		<PositionX>-126</PositionX>
		<PositionY>-77</PositionY>
		<FontType>RobotoCondensed-Regular</FontType>
		<FontSize>20</FontSize>
		<FontColor>255,255,255</FontColor>
		<TextAlignment>Right</TextAlignment>
		<TextAlignmentVertical>Center</TextAlignmentVertical>
		<ZOrder>5</ZOrder>
	</asset>
	<asset>
		<Identifier>PurchaseDeactivateAdsLabelTextActiveTimer</Identifier>
		<FileFormat>ttf</FileFormat>
		<SizeX>140</SizeX>
		<SizeY>30</SizeY>
		<PositionX>-2</PositionX>
		<PositionY>-77</PositionY>
		<FontType>RobotoCondensed-Regular</FontType>
		<FontSize>20</FontSize>
		<FontColor>255,255,255</FontColor>
		<TextAlignment>Center</TextAlignment>
		<TextAlignmentVertical>Center</TextAlignmentVertical>
		<ZOrder>5</ZOrder>
	</asset>
	<asset>
		<Identifier>PurchaseDeactivateAdsLabelTextPriceFunds</Identifier>
		<FileFormat>ttf</FileFormat>
		<SizeX>60</SizeX>
		<SizeY>30</SizeY>
		<PositionX>-8</PositionX>
		<PositionY>-74</PositionY>
		<FontType>EurostileTBla</FontType>
		<FontSize>24</FontSize>
		<FontColor>255,174,0</FontColor>
		<TextAlignment>Right</TextAlignment>
		<TextAlignmentVertical>Center</TextAlignmentVertical>
		<ZOrder>5</ZOrder>
	</asset>
	<asset>
		<Identifier>PurchaseDeactivateAdsGraphicFunds</Identifier>
		<FilenameVariance>GraphicFunds</FilenameVariance>
		<FileFormat>png</FileFormat>
		<PositionX>40</PositionX>
		<PositionY>-76</PositionY>
		<ResourceFolder>Common</ResourceFolder>
		<ZOrder>5</ZOrder>
	</asset>
	<asset>
		<Identifier>PurchaseDeactivateAdsToggleButton</Identifier>
		<FilenameVariance>ButtonToggleSwitch</FilenameVariance>
		<FileFormat>png</FileFormat>
		<PositionX>116</PositionX>
		<PositionY>-74</PositionY>
		<ResourceFolder>Common</ResourceFolder>
		<ZOrder>5</ZOrder>
		<SelectedImage>1</SelectedImage>
		<ButtonClickSound>GuiButton.mp3</ButtonClickSound>
	</asset>
	<asset>
		<Identifier>PurchaseDeactivateAdsCapacityGraphicDividingLine</Identifier>
		<FilenameVariance>GraphicDividingLine</FilenameVariance>
		<FileFormat>jpg</FileFormat>
		<PositionX>-10000</PositionX>
		<PositionY>-113</PositionY>
		<ResourceFolder>Common</ResourceFolder>
		<ZOrder>6</ZOrder>
	</asset>
</assets>
