<?xml version="1.0" encoding="ISO-8859-1"?>
<assets>
	<asset>
		<Identifier>Self</Identifier>
		<PositionX>0</PositionX>
		<PositionY>0</PositionY>
		<ChildrenDesignRelative>1</ChildrenDesignRelative>
	</asset>
	<asset>
		<Identifier>PurchaseMoreTicketsGraphicMoreTickets</Identifier>
		<FilenameVariance>GraphicTicketsAmount</FilenameVariance>
		<FileFormat>png</FileFormat>
		<PositionX>-156</PositionX>
		<PositionY>51</PositionY>
		<ResourceFolder>Purchase</ResourceFolder>
		<ZOrder>5</ZOrder>
	</asset>
	<asset>
		<Identifier>PurchaseMoreTicketsLabelTextTitleMoreTickets</Identifier>
		<FileFormat>ttf</FileFormat>
		<SizeX>250</SizeX>
		<SizeY>30</SizeY>
		<PositionX>36</PositionX>
		<PositionY>80</PositionY>
		<FontType>EurostileTBla</FontType>
		<FontSize>24</FontSize>
		<FontColor>50,50,50</FontColor>
		<TextAlignment>Left</TextAlignment>
		<TextAlignmentVertical>Center</TextAlignmentVertical>
		<ZOrder>5</ZOrder>
	</asset>
	<asset>
		<Identifier>PurchaseMoreTicketsLabelTextMoreTickets</Identifier>
		<FileFormat>ttf</FileFormat>
		<SizeX>250</SizeX>
		<SizeY>50</SizeY>
		<PositionX>36</PositionX>
		<PositionY>35</PositionY>
		<FontType>RobotoCondensed-Regular</FontType>
		<FontSize>20</FontSize>
		<FontColor>255,255,255</FontColor>
		<TextAlignment>Left</TextAlignment>
		<TextAlignmentVertical>Center</TextAlignmentVertical>
		<ZOrder>5</ZOrder>
	</asset>
	<asset>
		<Identifier>PurchaseMoreTicketsGraphicChargeIcon0</Identifier>
		<FilenameVariance>GraphicCharge</FilenameVariance>
		<FileFormat>png</FileFormat>
		<PositionX>-165</PositionX>
		<PositionY>-20</PositionY>
		<ResourceFolder>Common</ResourceFolder>
		<ZOrder>5</ZOrder>
	</asset>
	<asset>
		<Identifier>PurchaseMoreTicketsLabelTextAmountChargePackage0</Identifier>
		<FileFormat>ttf</FileFormat>
		<SizeX>40</SizeX>
		<SizeY>30</SizeY>
		<PositionX>-130</PositionX>
		<PositionY>-20</PositionY>
		<FontType>EurostileTBla</FontType>
		<FontSize>24</FontSize>
		<FontColor>22,39,113</FontColor>
		<TextAlignment>Left</TextAlignment>
		<TextAlignmentVertical>Center</TextAlignmentVertical>
		<ZOrder>5</ZOrder>
	</asset>
	<asset>
		<Identifier>PurchaseMoreTicketsLabelTextChargePackage0</Identifier>
		<FileFormat>ttf</FileFormat>
		<SizeX>100</SizeX>
		<SizeY>30</SizeY>
		<PositionX>-60</PositionX>
		<PositionY>-22</PositionY>
		<FontType>RobotoCondensed-Regular</FontType>
		<FontSize>20</FontSize>
		<FontColor>255,255,255</FontColor>
		<TextAlignment>Left</TextAlignment>
		<TextAlignmentVertical>Center</TextAlignmentVertical>
		<ZOrder>5</ZOrder>
	</asset>
	<asset>
		<Identifier>PurchaseMoreTicketsLabelTextPriceFundsChargePackage0</Identifier>
		<FileFormat>ttf</FileFormat>
		<SizeX>60</SizeX>
		<SizeY>30</SizeY>
		<PositionX>-8</PositionX>
		<PositionY>-20</PositionY>
		<FontType>EurostileTBla</FontType>
		<FontSize>24</FontSize>
		<FontColor>255,174,0</FontColor>
		<TextAlignment>Right</TextAlignment>
		<TextAlignmentVertical>Center</TextAlignmentVertical>
		<ZOrder>5</ZOrder>
	</asset>
	<asset>
		<Identifier>PurchaseMoreTicketsGraphicFundsIcon0</Identifier>
		<FilenameVariance>GraphicFunds</FilenameVariance>
		<FileFormat>png</FileFormat>
		<PositionX>38</PositionX>
		<PositionY>-20</PositionY>
		<ResourceFolder>Common</ResourceFolder>
		<ZOrder>5</ZOrder>
	</asset>
	<asset>
		<Identifier>PurchaseMoreTicketsLabelTextFundsChargePackage0</Identifier>
		<FileFormat>ttf</FileFormat>
		<SizeX>50</SizeX>
		<SizeY>30</SizeY>
		<PositionX>83</PositionX>
		<PositionY>-22</PositionY>
		<FontType>RobotoCondensed-Regular</FontType>
		<FontSize>20</FontSize>
		<FontColor>255,255,255</FontColor>
		<TextAlignment>Left</TextAlignment>
		<TextAlignmentVertical>Center</TextAlignmentVertical>
		<ZOrder>5</ZOrder>
	</asset>
	<asset>
		<Identifier>PurchaseMoreTicketsLabelTextPriceChargePackage0</Identifier>
		<FileFormat>ttf</FileFormat>
		<SizeX>90</SizeX>
		<SizeY>20</SizeY>
		<PositionX>153</PositionX>
		<PositionY>-22</PositionY>
		<FontType>EurostileTBla</FontType>
		<FontSize>16</FontSize>
		<FontColor>50,50,50</FontColor>
		<TextAlignment>Center</TextAlignment>
		<TextAlignmentVertical>Center</TextAlignmentVertical>
		<ZOrder>6</ZOrder>
	</asset>
	<asset>
		<Identifier>PurchaseMoreTicketsButtonBuyChargePackage0</Identifier>
		<FilenameVariance>ButtonStandardSmall</FilenameVariance>
		<FileFormat>png</FileFormat>
		<PositionX>153</PositionX>
		<PositionY>-22</PositionY>
		<ResourceFolder>Common</ResourceFolder>
		<ZOrder>5</ZOrder>
		<SelectedImage>1</SelectedImage>
		<DisabledImage>1</DisabledImage>
	</asset>
	<asset>
		<Identifier>PurchaseMoreTicketsGraphicChargeIcon1</Identifier>
		<FilenameVariance>GraphicCharge</FilenameVariance>
		<FileFormat>png</FileFormat>
		<PositionX>-165</PositionX>
		<PositionY>-60</PositionY>
		<ResourceFolder>Common</ResourceFolder>
		<ZOrder>5</ZOrder>
	</asset>
	<asset>
		<Identifier>PurchaseMoreTicketsLabelTextAmountChargePackage1</Identifier>
		<FileFormat>ttf</FileFormat>
		<SizeX>40</SizeX>
		<SizeY>30</SizeY>
		<PositionX>-130</PositionX>
		<PositionY>-60</PositionY>
		<FontType>EurostileTBla</FontType>
		<FontSize>24</FontSize>
		<FontColor>22,39,113</FontColor>
		<TextAlignment>Left</TextAlignment>
		<TextAlignmentVertical>Center</TextAlignmentVertical>
		<ZOrder>5</ZOrder>
	</asset>
	<asset>
		<Identifier>PurchaseMoreTicketsLabelTextChargePackage1</Identifier>
		<FileFormat>ttf</FileFormat>
		<SizeX>100</SizeX>
		<SizeY>30</SizeY>
		<PositionX>-60</PositionX>
		<PositionY>-62</PositionY>
		<FontType>RobotoCondensed-Regular</FontType>
		<FontSize>20</FontSize>
		<FontColor>255,255,255</FontColor>
		<TextAlignment>Left</TextAlignment>
		<TextAlignmentVertical>Center</TextAlignmentVertical>
		<ZOrder>5</ZOrder>
	</asset>
	<asset>
		<Identifier>PurchaseMoreTicketsLabelTextPriceFundsChargePackage1</Identifier>
		<FileFormat>ttf</FileFormat>
		<SizeX>60</SizeX>
		<SizeY>30</SizeY>
		<PositionX>-8</PositionX>
		<PositionY>-60</PositionY>
		<FontType>EurostileTBla</FontType>
		<FontSize>24</FontSize>
		<FontColor>255,174,0</FontColor>
		<TextAlignment>Right</TextAlignment>
		<TextAlignmentVertical>Center</TextAlignmentVertical>
		<ZOrder>5</ZOrder>
	</asset>
	<asset>
		<Identifier>PurchaseMoreTicketsGraphicFundsIcon1</Identifier>
		<FilenameVariance>GraphicFunds</FilenameVariance>
		<FileFormat>png</FileFormat>
		<PositionX>38</PositionX>
		<PositionY>-60</PositionY>
		<ResourceFolder>Common</ResourceFolder>
		<ZOrder>5</ZOrder>
	</asset>
	<asset>
		<Identifier>PurchaseMoreTicketsLabelTextFundsChargePackage1</Identifier>
		<FileFormat>ttf</FileFormat>
		<SizeX>50</SizeX>
		<SizeY>30</SizeY>
		<PositionX>83</PositionX>
		<PositionY>-62</PositionY>
		<FontType>RobotoCondensed-Regular</FontType>
		<FontSize>20</FontSize>
		<FontColor>255,255,255</FontColor>
		<TextAlignment>Left</TextAlignment>
		<TextAlignmentVertical>Center</TextAlignmentVertical>
		<ZOrder>5</ZOrder>
	</asset>
	<asset>
		<Identifier>PurchaseMoreTicketsLabelTextPriceChargePackage1</Identifier>
		<FileFormat>ttf</FileFormat>
		<SizeX>90</SizeX>
		<SizeY>20</SizeY>
		<PositionX>153</PositionX>
		<PositionY>-62</PositionY>
		<FontType>EurostileTBla</FontType>
		<FontSize>16</FontSize>
		<FontColor>50,50,50</FontColor>
		<TextAlignment>Center</TextAlignment>
		<TextAlignmentVertical>Center</TextAlignmentVertical>
		<ZOrder>6</ZOrder>
	</asset>
	<asset>
		<Identifier>PurchaseMoreTicketsButtonBuyChargePackage1</Identifier>
		<FilenameVariance>ButtonStandardSmall</FilenameVariance>
		<FileFormat>png</FileFormat>
		<PositionX>153</PositionX>
		<PositionY>-62</PositionY>
		<ResourceFolder>Common</ResourceFolder>
		<ZOrder>5</ZOrder>
		<SelectedImage>1</SelectedImage>
		<DisabledImage>1</DisabledImage>
	</asset>
	<asset>
		<Identifier>PurchaseMoreTicketsGraphicDividingLine</Identifier>
		<FilenameVariance>GraphicDividingLine</FilenameVariance>
		<FileFormat>jpg</FileFormat>
		<PositionX>0</PositionX>
		<PositionY>-100</PositionY>
		<ResourceFolder>Common</ResourceFolder>
		<ZOrder>6</ZOrder>
	</asset>
</assets>
