<?xml version="1.0" encoding="ISO-8859-1"?>
<assets>
	<asset>
		<Identifier>Self</Identifier>
		<PositionX>0</PositionX>
		<PositionY>0</PositionY>
		<ChildrenDesignRelative>1</ChildrenDesignRelative>
	</asset>
	<asset>
		<Identifier>PurchaseFundsDiscountGraphicProcentDiscount</Identifier>
		<FilenameVariance>GraphicProcentDiscount</FilenameVariance>
		<FileFormat>png</FileFormat>
		<PositionX>140</PositionX>
		<PositionY>240</PositionY>
		<ResourceFolder>Purchase</ResourceFolder>
		<ZOrder>7</ZOrder>
	</asset>
	<asset>
		<Identifier>PurchaseFundsDiscountGraphicFundsPackage0</Identifier>
		<FilenameVariance>GraphicFundsPackage1</FilenameVariance>
		<FileFormat>png</FileFormat>
		<PositionX>-155</PositionX>
		<PositionY>134</PositionY>
		<ResourceFolder>Purchase</ResourceFolder>
		<ZOrder>5</ZOrder>
	</asset>
	<asset>
		<Identifier>PurchaseFundsDiscountGraphicFundsPackage0Icon</Identifier>
		<FilenameVariance>GraphicFunds</FilenameVariance>
		<FileFormat>png</FileFormat>
		<PositionX>-10</PositionX>
		<PositionY>132</PositionY>
		<ResourceFolder>Common</ResourceFolder>
		<ZOrder>5</ZOrder>
	</asset>
	<asset>
		<Identifier>PurchaseFundsDiscountLabelTextAmountFundsPackage0</Identifier>
		<FileFormat>ttf</FileFormat>
		<SizeX>100</SizeX>
		<SizeY>30</SizeY>
		<PositionX>-74</PositionX>
		<PositionY>134</PositionY>
		<FontType>RobotoCondensed-Regular</FontType>
		<FontSize>24</FontSize>
		<FontColor>0,117,170</FontColor>
		<TextAlignment>Right</TextAlignment>
		<TextAlignmentVertical>Center</TextAlignmentVertical>
		<ZOrder>5</ZOrder>
	</asset>
	<asset>
		<Identifier>PurchaseFundsDiscountLabelTextAmountFundsPackage0Text</Identifier>
		<FileFormat>ttf</FileFormat>
		<SizeX>100</SizeX>
		<SizeY>30</SizeY>
		<PositionX>58</PositionX>
		<PositionY>134</PositionY>
		<FontType>RobotoCondensed-Regular</FontType>
		<FontSize>20</FontSize>
		<FontColor>255,255,255</FontColor>
		<TextAlignment>Left</TextAlignment>
		<TextAlignmentVertical>Center</TextAlignmentVertical>
		<ZOrder>5</ZOrder>
	</asset>
	<asset>
		<Identifier>PurchaseFundsDiscountLabelTextPricePackage0</Identifier>
		<FileFormat>ttf</FileFormat>
		<SizeX>90</SizeX>
		<SizeY>20</SizeY>
		<PositionX>145</PositionX>
		<PositionY>135</PositionY>
		<FontType>RobotoCondensed-Bold</FontType>
		<FontSize>16</FontSize>
		<FontColor>0,117,170</FontColor>
		<TextAlignment>Center</TextAlignment>
		<TextAlignmentVertical>Center</TextAlignmentVertical>
		<ZOrder>6</ZOrder>
	</asset>
	<asset>
		<Identifier>PurchaseFundsDiscountButtonBuyPackage0</Identifier>
		<FilenameVariance>ButtonStandardSmall</FilenameVariance>
		<FileFormat>png</FileFormat>
		<PositionX>145</PositionX>
		<PositionY>135</PositionY>
		<ResourceFolder>Common</ResourceFolder>
		<ZOrder>5</ZOrder>
		<SelectedImage>1</SelectedImage>
		<DisabledImage>1</DisabledImage>
		<ButtonClickSound>GuiButton.mp3</ButtonClickSound>
	</asset>
	<asset>
		<Identifier>PurchaseFundsDiscountGraphicDividingLinePackage0</Identifier>
		<FilenameVariance>GraphicDividingLine</FilenameVariance>
		<FileFormat>jpg</FileFormat>
		<PositionX>0</PositionX>
		<PositionY>81</PositionY>
		<ResourceFolder>Common</ResourceFolder>
		<ZOrder>6</ZOrder>
	</asset>
	<asset>
		<Identifier>PurchaseFundsDiscountGraphicFundsPackage1</Identifier>
		<FilenameVariance>GraphicFundsPackage2</FilenameVariance>
		<FileFormat>png</FileFormat>
		<PositionX>-155</PositionX>
		<PositionY>26</PositionY>
		<ResourceFolder>Purchase</ResourceFolder>
		<ZOrder>5</ZOrder>
	</asset>
	<asset>
		<Identifier>PurchaseFundsDiscountGraphicFundsPackage1Icon</Identifier>
		<FilenameVariance>GraphicFunds</FilenameVariance>
		<FileFormat>png</FileFormat>
		<PositionX>-10</PositionX>
		<PositionY>44</PositionY>
		<ResourceFolder>Common</ResourceFolder>
		<ZOrder>5</ZOrder>
	</asset>
	<asset>
		<Identifier>PurchaseFundsDiscountLabelTextAmountFundsPackage1</Identifier>
		<FileFormat>ttf</FileFormat>
		<SizeX>100</SizeX>
		<SizeY>30</SizeY>
		<PositionX>-74</PositionX>
		<PositionY>46</PositionY>
		<FontType>RobotoCondensed-Regular</FontType>
		<FontSize>24</FontSize>
		<FontColor>0,117,170</FontColor>
		<TextAlignment>Right</TextAlignment>
		<TextAlignmentVertical>Center</TextAlignmentVertical>
		<ZOrder>5</ZOrder>
	</asset>
	<asset>
		<Identifier>PurchaseFundsDiscountLabelTextAmountFundsPackage1Text</Identifier>
		<FileFormat>ttf</FileFormat>
		<SizeX>100</SizeX>
		<SizeY>30</SizeY>
		<PositionX>58</PositionX>
		<PositionY>46</PositionY>
		<FontType>RobotoCondensed-Regular</FontType>
		<FontSize>20</FontSize>
		<FontColor>255,255,255</FontColor>
		<TextAlignment>Left</TextAlignment>
		<TextAlignmentVertical>Center</TextAlignmentVertical>
		<ZOrder>5</ZOrder>
	</asset>
	<asset>
		<Identifier>PurchaseFundsDiscountLabelTextPricePackage1</Identifier>
		<FileFormat>ttf</FileFormat>
		<SizeX>90</SizeX>
		<SizeY>20</SizeY>
		<PositionX>145</PositionX>
		<PositionY>43</PositionY>
		<FontType>RobotoCondensed-Bold</FontType>
		<FontSize>16</FontSize>
		<FontColor>0,117,170</FontColor>
		<TextAlignment>Center</TextAlignment>
		<TextAlignmentVertical>Center</TextAlignmentVertical>
		<ZOrder>6</ZOrder>
	</asset>
	<asset>
		<Identifier>PurchaseFundsDiscountButtonBuyPackage1</Identifier>
		<FilenameVariance>ButtonStandardSmall</FilenameVariance>
		<FileFormat>png</FileFormat>
		<PositionX>145</PositionX>
		<PositionY>43</PositionY>
		<ResourceFolder>Common</ResourceFolder>
		<ZOrder>5</ZOrder>
		<SelectedImage>1</SelectedImage>
		<DisabledImage>1</DisabledImage>
		<ButtonClickSound>GuiButton.mp3</ButtonClickSound>
	</asset>
	<asset>
		<Identifier>PurchaseFundsDiscountLabelTextFundsForFreeTextPackage1</Identifier>
		<FileFormat>ttf</FileFormat>
		<SizeX>40</SizeX>
		<SizeY>30</SizeY>
		<PositionX>-57</PositionX>
		<PositionY>12</PositionY>
		<FontType>RobotoCondensed-Regular</FontType>
		<FontSize>20</FontSize>
		<FontColor>255,255,255</FontColor>
		<TextAlignment>Left</TextAlignment>
		<TextAlignmentVertical>Center</TextAlignmentVertical>
		<ZOrder>6</ZOrder>
	</asset>
	<asset>
		<Identifier>PurchaseFundsDiscountLabelTextFundsForFreeAmountPackage1</Identifier>
		<FileFormat>ttf</FileFormat>
		<SizeX>60</SizeX>
		<SizeY>20</SizeY>
		<PositionX>-20</PositionX>
		<PositionY>12</PositionY>
		<FontType>RobotoCondensed-Bold</FontType>
		<FontSize>14</FontSize>
		<FontColor>255,255,0</FontColor>
		<TextAlignment>Right</TextAlignment>
		<TextAlignmentVertical>Center</TextAlignmentVertical>
		<ZOrder>6</ZOrder>
	</asset>
	<asset>
		<Identifier>PurchaseFundsDiscountLabelTextFundsForFreeTitlePackage1</Identifier>
		<FileFormat>ttf</FileFormat>
		<SizeX>100</SizeX>
		<SizeY>30</SizeY>
		<PositionX>65</PositionX>
		<PositionY>12</PositionY>
		<FontType>RobotoCondensed-Regular</FontType>
		<FontSize>20</FontSize>
		<FontColor>255,255,0</FontColor>
		<TextAlignment>Left</TextAlignment>
		<TextAlignmentVertical>Center</TextAlignmentVertical>
		<ZOrder>6</ZOrder>
	</asset>
	<asset>
		<Identifier>PurchaseFundsDiscountGraphicFundsForFreeFramePackage1</Identifier>
		<FilenameVariance>GraphicFrameDiscountSmall</FilenameVariance>
		<FileFormat>png</FileFormat>
		<PositionX>-10</PositionX>
		<PositionY>12</PositionY>
		<ResourceFolder>Purchase</ResourceFolder>
		<ZOrder>5</ZOrder>
	</asset>
	<asset>
		<Identifier>PurchaseFundsDiscountGraphicDividingLinePackage1</Identifier>
		<FilenameVariance>GraphicDividingLine</FilenameVariance>
		<FileFormat>jpg</FileFormat>
		<PositionX>0</PositionX>
		<PositionY>-24</PositionY>
		<ResourceFolder>Common</ResourceFolder>
		<ZOrder>6</ZOrder>
	</asset>
	<asset>
		<Identifier>PurchaseFundsDiscountGraphicFundsPackage2</Identifier>
		<FilenameVariance>GraphicFundsPackage3</FilenameVariance>
		<FileFormat>png</FileFormat>
		<PositionX>-155</PositionX>
		<PositionY>-69</PositionY>
		<ResourceFolder>Purchase</ResourceFolder>
		<ZOrder>5</ZOrder>
	</asset>
	<asset>
		<Identifier>PurchaseFundsDiscountGraphicFundsPackage2Icon</Identifier>
		<FilenameVariance>GraphicFunds</FilenameVariance>
		<FileFormat>png</FileFormat>
		<PositionX>-10</PositionX>
		<PositionY>-58</PositionY>
		<ResourceFolder>Common</ResourceFolder>
		<ZOrder>5</ZOrder>
	</asset>
	<asset>
		<Identifier>PurchaseFundsDiscountLabelTextAmountFundsPackage2</Identifier>
		<FileFormat>ttf</FileFormat>
		<SizeX>100</SizeX>
		<SizeY>30</SizeY>
		<PositionX>-74</PositionX>
		<PositionY>-56</PositionY>
		<FontType>RobotoCondensed-Regular</FontType>
		<FontSize>24</FontSize>
		<FontColor>0,117,170</FontColor>
		<TextAlignment>Right</TextAlignment>
		<TextAlignmentVertical>Center</TextAlignmentVertical>
		<ZOrder>5</ZOrder>
	</asset>
	<asset>
		<Identifier>PurchaseFundsDiscountLabelTextAmountFundsPackage2Text</Identifier>
		<FileFormat>ttf</FileFormat>
		<SizeX>100</SizeX>
		<SizeY>30</SizeY>
		<PositionX>58</PositionX>
		<PositionY>-56</PositionY>
		<FontType>RobotoCondensed-Regular</FontType>
		<FontSize>20</FontSize>
		<FontColor>255,255,255</FontColor>
		<TextAlignment>Left</TextAlignment>
		<TextAlignmentVertical>Center</TextAlignmentVertical>
		<ZOrder>5</ZOrder>
	</asset>
	<asset>
		<Identifier>PurchaseFundsDiscountLabelTextPricePackage2</Identifier>
		<FileFormat>ttf</FileFormat>
		<SizeX>90</SizeX>
		<SizeY>20</SizeY>
		<PositionX>145</PositionX>
		<PositionY>-57</PositionY>
		<FontType>RobotoCondensed-Bold</FontType>
		<FontSize>16</FontSize>
		<FontColor>0,117,170</FontColor>
		<TextAlignment>Center</TextAlignment>
		<TextAlignmentVertical>Center</TextAlignmentVertical>
		<ZOrder>6</ZOrder>
	</asset>
	<asset>
		<Identifier>PurchaseFundsDiscountLabelTextPriceDiscountPackage2</Identifier>
		<FileFormat>ttf</FileFormat>
		<SizeX>90</SizeX>
		<SizeY>20</SizeY>
		<PositionX>145</PositionX>
		<PositionY>-85</PositionY>
		<FontType>RobotoCondensed-Bold</FontType>
		<FontSize>16</FontSize>
		<FontColor>120,120,120</FontColor>
		<TextAlignment>Center</TextAlignment>
		<TextAlignmentVertical>Center</TextAlignmentVertical>
		<ZOrder>5</ZOrder>
	</asset>
	<asset>
		<Identifier>PurchaseFundsDiscountGraphicStrikethroughPackage2</Identifier>
		<FilenameVariance>GraphicStrikethrough</FilenameVariance>
		<FileFormat>png</FileFormat>
		<PositionX>145</PositionX>
		<PositionY>-85</PositionY>
		<ResourceFolder>Purchase</ResourceFolder>
		<ZOrder>6</ZOrder>
	</asset>
	<asset>
		<Identifier>PurchaseFundsDiscountCustomAssetStatusAlertDiscount2</Identifier>
		<FilenameVariance>AnimationDiscount</FilenameVariance>
		<FileFormat>png</FileFormat>
		<PositionX>190</PositionX>
		<PositionY>-40</PositionY>
		<ResourceFolder>Common</ResourceFolder>
		<ZOrder>7</ZOrder>
	</asset>
	<asset>
		<Identifier>PurchaseFundsDiscountButtonBuyPackage2</Identifier>
		<FilenameVariance>ButtonStandardSmall</FilenameVariance>
		<FileFormat>png</FileFormat>
		<PositionX>145</PositionX>
		<PositionY>-57</PositionY>
		<ResourceFolder>Common</ResourceFolder>
		<ZOrder>5</ZOrder>
		<SelectedImage>1</SelectedImage>
		<DisabledImage>1</DisabledImage>
		<ButtonClickSound>GuiButton.mp3</ButtonClickSound>
	</asset>
	<asset>
		<Identifier>PurchaseFundsDiscountLabelTextFundsForFreeTextPackage2</Identifier>
		<FileFormat>ttf</FileFormat>
		<SizeX>40</SizeX>
		<SizeY>30</SizeY>
		<PositionX>-57</PositionX>
		<PositionY>-88</PositionY>
		<FontType>RobotoCondensed-Regular</FontType>
		<FontSize>20</FontSize>
		<FontColor>255,255,255</FontColor>
		<TextAlignment>Left</TextAlignment>
		<TextAlignmentVertical>Center</TextAlignmentVertical>
		<ZOrder>6</ZOrder>
	</asset>
	<asset>
		<Identifier>PurchaseFundsDiscountLabelTextFundsForFreeAmountPackage2</Identifier>
		<FileFormat>ttf</FileFormat>
		<SizeX>60</SizeX>
		<SizeY>20</SizeY>
		<PositionX>-20</PositionX>
		<PositionY>-88</PositionY>
		<FontType>RobotoCondensed-Bold</FontType>
		<FontSize>14</FontSize>
		<FontColor>255,255,0</FontColor>
		<TextAlignment>Right</TextAlignment>
		<TextAlignmentVertical>Center</TextAlignmentVertical>
		<ZOrder>6</ZOrder>
	</asset>
	<asset>
		<Identifier>PurchaseFundsDiscountLabelTextFundsForFreeTitlePackage2</Identifier>
		<FileFormat>ttf</FileFormat>
		<SizeX>100</SizeX>
		<SizeY>30</SizeY>
		<PositionX>65</PositionX>
		<PositionY>-88</PositionY>
		<FontType>RobotoCondensed-Regular</FontType>
		<FontSize>20</FontSize>
		<FontColor>255,255,0</FontColor>
		<TextAlignment>Left</TextAlignment>
		<TextAlignmentVertical>Center</TextAlignmentVertical>
		<ZOrder>6</ZOrder>
	</asset>
	<asset>
		<Identifier>PurchaseFundsDiscountGraphicFundsForFreeFramePackage2</Identifier>
		<FilenameVariance>GraphicFrameDiscountSmall</FilenameVariance>
		<FileFormat>png</FileFormat>
		<PositionX>-10</PositionX>
		<PositionY>-88</PositionY>
		<ResourceFolder>Purchase</ResourceFolder>
		<ZOrder>5</ZOrder>
	</asset>
	<asset>
		<Identifier>PurchaseFundsDiscountGraphicDividingLinePackage2</Identifier>
		<FilenameVariance>GraphicDividingLine</FilenameVariance>
		<FileFormat>jpg</FileFormat>
		<PositionX>0</PositionX>
		<PositionY>-119</PositionY>
		<ResourceFolder>Common</ResourceFolder>
		<ZOrder>6</ZOrder>
	</asset>
	<asset>
		<Identifier>PurchaseFundsDiscountGraphicFundsPackage3</Identifier>
		<FilenameVariance>GraphicFundsPackage4</FilenameVariance>
		<FileFormat>png</FileFormat>
		<PositionX>-155</PositionX>
		<PositionY>-174</PositionY>
		<ResourceFolder>Purchase</ResourceFolder>
		<ZOrder>5</ZOrder>
	</asset>
	<asset>
		<Identifier>PurchaseFundsDiscountGraphicFundsPackage3Icon</Identifier>
		<FilenameVariance>GraphicFunds</FilenameVariance>
		<FileFormat>png</FileFormat>
		<PositionX>-10</PositionX>
		<PositionY>-158</PositionY>
		<ResourceFolder>Common</ResourceFolder>
		<ZOrder>5</ZOrder>
	</asset>
	<asset>
		<Identifier>PurchaseFundsDiscountLabelTextAmountFundsPackage3</Identifier>
		<FileFormat>ttf</FileFormat>
		<SizeX>100</SizeX>
		<SizeY>30</SizeY>
		<PositionX>-74</PositionX>
		<PositionY>-156</PositionY>
		<FontType>RobotoCondensed-Regular</FontType>
		<FontSize>24</FontSize>
		<FontColor>0,117,170</FontColor>
		<TextAlignment>Right</TextAlignment>
		<TextAlignmentVertical>Center</TextAlignmentVertical>
		<ZOrder>5</ZOrder>
	</asset>
	<asset>
		<Identifier>PurchaseFundsDiscountLabelTextAmountFundsPackage3Text</Identifier>
		<FileFormat>ttf</FileFormat>
		<SizeX>100</SizeX>
		<SizeY>30</SizeY>
		<PositionX>58</PositionX>
		<PositionY>-156</PositionY>
		<FontType>RobotoCondensed-Regular</FontType>
		<FontSize>20</FontSize>
		<FontColor>255,255,255</FontColor>
		<TextAlignment>Left</TextAlignment>
		<TextAlignmentVertical>Center</TextAlignmentVertical>
		<ZOrder>5</ZOrder>
	</asset>
	<asset>
		<Identifier>PurchaseFundsDiscountLabelTextPricePackage3</Identifier>
		<FileFormat>ttf</FileFormat>
		<SizeX>90</SizeX>
		<SizeY>20</SizeY>
		<PositionX>145</PositionX>
		<PositionY>-157</PositionY>
		<FontType>RobotoCondensed-Bold</FontType>
		<FontSize>16</FontSize>
		<FontColor>0,117,170</FontColor>
		<TextAlignment>Center</TextAlignment>
		<TextAlignmentVertical>Center</TextAlignmentVertical>
		<ZOrder>6</ZOrder>
	</asset>
	<asset>
		<Identifier>PurchaseFundsDiscountLabelTextPriceDiscountPackage3</Identifier>
		<FileFormat>ttf</FileFormat>
		<SizeX>90</SizeX>
		<SizeY>20</SizeY>
		<PositionX>145</PositionX>
		<PositionY>-185</PositionY>
		<FontType>RobotoCondensed-Bold</FontType>
		<FontSize>16</FontSize>
		<FontColor>120,120,120</FontColor>
		<TextAlignment>Center</TextAlignment>
		<TextAlignmentVertical>Center</TextAlignmentVertical>
		<ZOrder>5</ZOrder>
	</asset>
	<asset>
		<Identifier>PurchaseFundsDiscountGraphicStrikethroughPackage3</Identifier>
		<FilenameVariance>GraphicStrikethrough</FilenameVariance>
		<FileFormat>png</FileFormat>
		<PositionX>145</PositionX>
		<PositionY>-185</PositionY>
		<ResourceFolder>Purchase</ResourceFolder>
		<ZOrder>6</ZOrder>
	</asset>
	<asset>
		<Identifier>PurchaseFundsDiscountCustomAssetStatusAlertDiscount3</Identifier>
		<FilenameVariance>AnimationDiscount</FilenameVariance>
		<FileFormat>png</FileFormat>
		<PositionX>190</PositionX>
		<PositionY>-140</PositionY>
		<ResourceFolder>Common</ResourceFolder>
		<ZOrder>7</ZOrder>
	</asset>
	<asset>
		<Identifier>PurchaseFundsDiscountButtonBuyPackage3</Identifier>
		<FilenameVariance>ButtonStandardSmall</FilenameVariance>
		<FileFormat>png</FileFormat>
		<PositionX>145</PositionX>
		<PositionY>-157</PositionY>
		<ResourceFolder>Common</ResourceFolder>
		<ZOrder>5</ZOrder>
		<SelectedImage>1</SelectedImage>
		<DisabledImage>1</DisabledImage>
		<ButtonClickSound>GuiButton.mp3</ButtonClickSound>
	</asset>
	<asset>
		<Identifier>PurchaseFundsDiscountLabelTextFundsForFreeTextPackage3</Identifier>
		<FileFormat>ttf</FileFormat>
		<SizeX>40</SizeX>
		<SizeY>30</SizeY>
		<PositionX>-57</PositionX>
		<PositionY>-188</PositionY>
		<FontType>RobotoCondensed-Regular</FontType>
		<FontSize>20</FontSize>
		<FontColor>255,255,255</FontColor>
		<TextAlignment>Left</TextAlignment>
		<TextAlignmentVertical>Center</TextAlignmentVertical>
		<ZOrder>6</ZOrder>
	</asset>
	<asset>
		<Identifier>PurchaseFundsDiscountLabelTextFundsForFreeAmountPackage3</Identifier>
		<FileFormat>ttf</FileFormat>
		<SizeX>60</SizeX>
		<SizeY>20</SizeY>
		<PositionX>-20</PositionX>
		<PositionY>-188</PositionY>
		<FontType>RobotoCondensed-Bold</FontType>
		<FontSize>14</FontSize>
		<FontColor>255,255,0</FontColor>
		<TextAlignment>Right</TextAlignment>
		<TextAlignmentVertical>Center</TextAlignmentVertical>
		<ZOrder>6</ZOrder>
	</asset>
	<asset>
		<Identifier>PurchaseFundsDiscountLabelTextFundsForFreeTitlePackage3</Identifier>
		<FileFormat>ttf</FileFormat>
		<SizeX>100</SizeX>
		<SizeY>30</SizeY>
		<PositionX>65</PositionX>
		<PositionY>-188</PositionY>
		<FontType>RobotoCondensed-Regular</FontType>
		<FontSize>20</FontSize>
		<FontColor>255,255,0</FontColor>
		<TextAlignment>Left</TextAlignment>
		<TextAlignmentVertical>Center</TextAlignmentVertical>
		<ZOrder>6</ZOrder>
	</asset>
	<asset>
		<Identifier>PurchaseFundsDiscountGraphicFundsForFreeFramePackage3</Identifier>
		<FilenameVariance>GraphicFrameDiscountSmall</FilenameVariance>
		<FileFormat>png</FileFormat>
		<PositionX>-10</PositionX>
		<PositionY>-188</PositionY>
		<ResourceFolder>Purchase</ResourceFolder>
		<ZOrder>5</ZOrder>
	</asset>
	<asset>
		<Identifier>PurchaseFundsDiscountGraphicDividingLinePackage3</Identifier>
		<FilenameVariance>GraphicDividingLine</FilenameVariance>
		<FileFormat>jpg</FileFormat>
		<PositionX>0</PositionX>
		<PositionY>-224</PositionY>
		<ResourceFolder>Common</ResourceFolder>
		<ZOrder>6</ZOrder>
	</asset>
	<asset>
		<Identifier>PurchaseFundsDiscountGraphicFundsPackage4</Identifier>
		<FilenameVariance>GraphicFundsPackage5</FilenameVariance>
		<FileFormat>png</FileFormat>
		<PositionX>-155</PositionX>
		<PositionY>-269</PositionY>
		<ResourceFolder>Purchase</ResourceFolder>
		<ZOrder>5</ZOrder>
	</asset>
	<asset>
		<Identifier>PurchaseFundsDiscountGraphicFundsPackage4Icon</Identifier>
		<FilenameVariance>GraphicFunds</FilenameVariance>
		<FileFormat>png</FileFormat>
		<PositionX>-10</PositionX>
		<PositionY>-258</PositionY>
		<ResourceFolder>Common</ResourceFolder>
		<ZOrder>5</ZOrder>
	</asset>
	<asset>
		<Identifier>PurchaseFundsDiscountLabelTextAmountFundsPackage4</Identifier>
		<FileFormat>ttf</FileFormat>
		<SizeX>100</SizeX>
		<SizeY>30</SizeY>
		<PositionX>-74</PositionX>
		<PositionY>-256</PositionY>
		<FontType>RobotoCondensed-Regular</FontType>
		<FontSize>24</FontSize>
		<FontColor>0,117,170</FontColor>
		<TextAlignment>Right</TextAlignment>
		<TextAlignmentVertical>Center</TextAlignmentVertical>
		<ZOrder>5</ZOrder>
	</asset>
	<asset>
		<Identifier>PurchaseFundsDiscountLabelTextAmountFundsPackage4Text</Identifier>
		<FileFormat>ttf</FileFormat>
		<SizeX>100</SizeX>
		<SizeY>30</SizeY>
		<PositionX>58</PositionX>
		<PositionY>-256</PositionY>
		<FontType>RobotoCondensed-Regular</FontType>
		<FontSize>20</FontSize>
		<FontColor>255,255,255</FontColor>
		<TextAlignment>Left</TextAlignment>
		<TextAlignmentVertical>Center</TextAlignmentVertical>
		<ZOrder>5</ZOrder>
	</asset>
	<asset>
		<Identifier>PurchaseFundsDiscountLabelTextPricePackage4</Identifier>
		<FileFormat>ttf</FileFormat>
		<SizeX>90</SizeX>
		<SizeY>20</SizeY>
		<PositionX>145</PositionX>
		<PositionY>-257</PositionY>
		<FontType>RobotoCondensed-Bold</FontType>
		<FontSize>16</FontSize>
		<FontColor>0,117,170</FontColor>
		<TextAlignment>Center</TextAlignment>
		<TextAlignmentVertical>Center</TextAlignmentVertical>
		<ZOrder>6</ZOrder>
	</asset>
	<asset>
		<Identifier>PurchaseFundsDiscountLabelTextPriceDiscountPackage4</Identifier>
		<FileFormat>ttf</FileFormat>
		<SizeX>90</SizeX>
		<SizeY>20</SizeY>
		<PositionX>145</PositionX>
		<PositionY>-285</PositionY>
		<FontType>RobotoCondensed-Bold</FontType>
		<FontSize>16</FontSize>
		<FontColor>120,120,120</FontColor>
		<TextAlignment>Center</TextAlignment>
		<TextAlignmentVertical>Center</TextAlignmentVertical>
		<ZOrder>5</ZOrder>
	</asset>
	<asset>
		<Identifier>PurchaseFundsDiscountGraphicStrikethroughPackage4</Identifier>
		<FilenameVariance>GraphicStrikethrough</FilenameVariance>
		<FileFormat>png</FileFormat>
		<PositionX>145</PositionX>
		<PositionY>-285</PositionY>
		<ResourceFolder>Purchase</ResourceFolder>
		<ZOrder>6</ZOrder>
	</asset>
	<asset>
		<Identifier>PurchaseFundsDiscountCustomAssetStatusAlertDiscount4</Identifier>
		<FilenameVariance>AnimationDiscount</FilenameVariance>
		<FileFormat>png</FileFormat>
		<PositionX>190</PositionX>
		<PositionY>-240</PositionY>
		<ResourceFolder>Common</ResourceFolder>
		<ZOrder>7</ZOrder>
	</asset>
	<asset>
		<Identifier>PurchaseFundsDiscountButtonBuyPackage4</Identifier>
		<FilenameVariance>ButtonStandardSmall</FilenameVariance>
		<FileFormat>png</FileFormat>
		<PositionX>145</PositionX>
		<PositionY>-257</PositionY>
		<ResourceFolder>Common</ResourceFolder>
		<ZOrder>5</ZOrder>
		<SelectedImage>1</SelectedImage>
		<DisabledImage>1</DisabledImage>
		<ButtonClickSound>GuiButton.mp3</ButtonClickSound>
	</asset>
	<asset>
		<Identifier>PurchaseFundsDiscountLabelTextFundsForFreeTextPackage4</Identifier>
		<FileFormat>ttf</FileFormat>
		<SizeX>40</SizeX>
		<SizeY>30</SizeY>
		<PositionX>-57</PositionX>
		<PositionY>-288</PositionY>
		<FontType>RobotoCondensed-Regular</FontType>
		<FontSize>20</FontSize>
		<FontColor>255,255,255</FontColor>
		<TextAlignment>Left</TextAlignment>
		<TextAlignmentVertical>Center</TextAlignmentVertical>
		<ZOrder>6</ZOrder>
	</asset>
	<asset>
		<Identifier>PurchaseFundsDiscountLabelTextFundsForFreeAmountPackage4</Identifier>
		<FileFormat>ttf</FileFormat>
		<SizeX>60</SizeX>
		<SizeY>20</SizeY>
		<PositionX>-20</PositionX>
		<PositionY>-288</PositionY>
		<FontType>RobotoCondensed-Bold</FontType>
		<FontSize>14</FontSize>
		<FontColor>255,255,0</FontColor>
		<TextAlignment>Right</TextAlignment>
		<TextAlignmentVertical>Center</TextAlignmentVertical>
		<ZOrder>6</ZOrder>
	</asset>
	<asset>
		<Identifier>PurchaseFundsDiscountLabelTextFundsForFreeTitlePackage4</Identifier>
		<FileFormat>ttf</FileFormat>
		<SizeX>100</SizeX>
		<SizeY>30</SizeY>
		<PositionX>65</PositionX>
		<PositionY>-288</PositionY>
		<FontType>RobotoCondensed-Regular</FontType>
		<FontSize>20</FontSize>
		<FontColor>255,255,0</FontColor>
		<TextAlignment>Left</TextAlignment>
		<TextAlignmentVertical>Center</TextAlignmentVertical>
		<ZOrder>6</ZOrder>
	</asset>
	<asset>
		<Identifier>PurchaseFundsDiscountGraphicFundsForFreeFramePackage4</Identifier>
		<FilenameVariance>GraphicFrameDiscountSmall</FilenameVariance>
		<FileFormat>png</FileFormat>
		<PositionX>-10</PositionX>
		<PositionY>-288</PositionY>
		<ResourceFolder>Purchase</ResourceFolder>
		<ZOrder>5</ZOrder>
	</asset>
</assets>
