<?xml version="1.0" encoding="ISO-8859-1"?>
<assets>
	<asset>
		<Identifier>Self</Identifier>
		<PositionX>0</PositionX>
		<PositionY>0</PositionY>
		<ChildrenDesignRelative>1</ChildrenDesignRelative>
	</asset>
	<asset>
		<Identifier>PurchaseChargesMaximumIncreaseGraphicDividingLine1</Identifier>
		<FilenameVariance>GraphicDividingLine</FilenameVariance>
		<FileFormat>jpg</FileFormat>
		<PositionX>-10000</PositionX>
		<PositionY>120</PositionY>
		<ResourceFolder>Common</ResourceFolder>
		<ZOrder>6</ZOrder>
	</asset>
	<asset>
		<Identifier>PurchaseChargesMaximumIncreaseGraphicTicketsCapacity</Identifier>
		<FilenameVariance>GraphicTicketsCapacity</FilenameVariance>
		<FileFormat>png</FileFormat>
		<PositionX>-156</PositionX>
		<PositionY>56</PositionY>
		<ResourceFolder>Purchase</ResourceFolder>
		<ZOrder>5</ZOrder>
	</asset>
	<asset>
		<Identifier>PurchaseChargesMaximumIncreaseLabelTextTitleMoreTickets</Identifier>
		<FileFormat>ttf</FileFormat>
		<SizeX>250</SizeX>
		<SizeY>30</SizeY>
		<PositionX>36</PositionX>
		<PositionY>85</PositionY>
		<FontType>RobotoCondensed-Bold</FontType>
		<FontSize>24</FontSize>
		<FontColor>0,117,170</FontColor>
		<TextAlignment>Left</TextAlignment>
		<TextAlignmentVertical>Center</TextAlignmentVertical>
		<ZOrder>5</ZOrder>
	</asset>
	<asset>
		<Identifier>PurchaseChargesMaximumIncreaseLabelTextMoreTickets</Identifier>
		<FileFormat>ttf</FileFormat>
		<SizeX>250</SizeX>
		<SizeY>100</SizeY>
		<PositionX>36</PositionX>
		<PositionY>30</PositionY>
		<FontType>RobotoCondensed-Regular</FontType>
		<FontSize>20</FontSize>
		<FontColor>255,255,255</FontColor>
		<TextAlignment>Left</TextAlignment>
		<TextAlignmentVertical>Center</TextAlignmentVertical>
		<ZOrder>5</ZOrder>
	</asset>
	<asset>
		<Identifier>PurchaseChargesMaximumIncreaseLabelTextAmountSmall</Identifier>
		<FileFormat>ttf</FileFormat>
		<SizeX>100</SizeX>
		<SizeY>30</SizeY>
		<PositionX>-110</PositionX>
		<PositionY>-42</PositionY>
		<FontType>RobotoCondensed-Regular</FontType>
		<FontSize>24</FontSize>
		<FontColor>0,117,170</FontColor>
		<TextAlignment>Left</TextAlignment>
		<TextAlignmentVertical>Center</TextAlignmentVertical>
		<ZOrder>5</ZOrder>
	</asset>
	<asset>
		<Identifier>PurchaseChargesMaximumIncreaseLabelTextContentSmall</Identifier>
		<FileFormat>ttf</FileFormat>
		<SizeX>100</SizeX>
		<SizeY>30</SizeY>
		<PositionX>-45</PositionX>
		<PositionY>-42</PositionY>
		<FontType>RobotoCondensed-Regular</FontType>
		<FontSize>20</FontSize>
		<FontColor>255,255,255</FontColor>
		<TextAlignment>Left</TextAlignment>
		<TextAlignmentVertical>Center</TextAlignmentVertical>
		<ZOrder>5</ZOrder>
	</asset>
	<asset>
		<Identifier>PurchaseChargesMaximumIncreaseLabelTextPriceFundsSmall</Identifier>
		<FileFormat>ttf</FileFormat>
		<SizeX>60</SizeX>
		<SizeY>30</SizeY>
		<PositionX>-28</PositionX>
		<PositionY>-42</PositionY>
		<FontType>RobotoCondensed-Regular</FontType>
		<FontSize>24</FontSize>
		<FontColor>0,117,170</FontColor>
		<TextAlignment>Right</TextAlignment>
		<TextAlignmentVertical>Center</TextAlignmentVertical>
		<ZOrder>5</ZOrder>
	</asset>
	<asset>
		<Identifier>PurchaseChargesMaximumIncreaseGraphicFundsIconSmall</Identifier>
		<FilenameVariance>GraphicFunds</FilenameVariance>
		<FileFormat>png</FileFormat>
		<PositionX>20</PositionX>
		<PositionY>-43</PositionY>
		<ResourceFolder>Common</ResourceFolder>
		<ZOrder>5</ZOrder>
	</asset>
	<asset>
		<Identifier>PurchaseChargesMaximumIncreaseLabelTextFundsSmall</Identifier>
		<FileFormat>ttf</FileFormat>
		<SizeX>50</SizeX>
		<SizeY>30</SizeY>
		<PositionX>63</PositionX>
		<PositionY>-42</PositionY>
		<FontType>RobotoCondensed-Regular</FontType>
		<FontSize>20</FontSize>
		<FontColor>255,255,255</FontColor>
		<TextAlignment>Left</TextAlignment>
		<TextAlignmentVertical>Center</TextAlignmentVertical>
		<ZOrder>5</ZOrder>
	</asset>
	<asset>
		<Identifier>PurchaseChargesMaximumIncreaseLabelTextPriceSmall</Identifier>
		<FileFormat>ttf</FileFormat>
		<SizeX>90</SizeX>
		<SizeY>30</SizeY>
		<PositionX>153</PositionX>
		<PositionY>-42</PositionY>
		<FontType>RobotoCondensed-Bold</FontType>
		<FontSize>16</FontSize>
		<FontColor>0,117,170</FontColor>
		<TextAlignment>Center</TextAlignment>
		<TextAlignmentVertical>Center</TextAlignmentVertical>
		<ZOrder>6</ZOrder>
	</asset>
	<asset>
		<Identifier>PurchaseChargesMaximumIncreaseButtonBuySmall</Identifier>
		<FilenameVariance>ButtonStandardSmall</FilenameVariance>
		<FileFormat>png</FileFormat>
		<PositionX>153</PositionX>
		<PositionY>-42</PositionY>
		<ResourceFolder>Common</ResourceFolder>
		<ZOrder>5</ZOrder>
		<SelectedImage>1</SelectedImage>
		<DisabledImage>1</DisabledImage>
		<ButtonClickSound>GuiButton.mp3</ButtonClickSound>
	</asset>
	<asset>
		<Identifier>PurchaseChargesMaximumIncreaseLabelTextAmountBig</Identifier>
		<FileFormat>ttf</FileFormat>
		<SizeX>100</SizeX>
		<SizeY>30</SizeY>
		<PositionX>-110</PositionX>
		<PositionY>-82</PositionY>
		<FontType>RobotoCondensed-Regular</FontType>
		<FontSize>24</FontSize>
		<FontColor>0,117,170</FontColor>
		<TextAlignment>Left</TextAlignment>
		<TextAlignmentVertical>Center</TextAlignmentVertical>
		<ZOrder>5</ZOrder>
	</asset>
	<asset>
		<Identifier>PurchaseChargesMaximumIncreaseLabelTextContentBig</Identifier>
		<FileFormat>ttf</FileFormat>
		<SizeX>100</SizeX>
		<SizeY>30</SizeY>
		<PositionX>-45</PositionX>
		<PositionY>-82</PositionY>
		<FontType>RobotoCondensed-Regular</FontType>
		<FontSize>20</FontSize>
		<FontColor>255,255,255</FontColor>
		<TextAlignment>Left</TextAlignment>
		<TextAlignmentVertical>Center</TextAlignmentVertical>
		<ZOrder>5</ZOrder>
	</asset>
	<asset>
		<Identifier>PurchaseChargesMaximumIncreaseLabelTextPriceFundsBig</Identifier>
		<FileFormat>ttf</FileFormat>
		<SizeX>60</SizeX>
		<SizeY>30</SizeY>
		<PositionX>-28</PositionX>
		<PositionY>-82</PositionY>
		<FontType>RobotoCondensed-Regular</FontType>
		<FontSize>24</FontSize>
		<FontColor>0,117,170</FontColor>
		<TextAlignment>Right</TextAlignment>
		<TextAlignmentVertical>Center</TextAlignmentVertical>
		<ZOrder>5</ZOrder>
	</asset>
	<asset>
		<Identifier>PurchaseChargesMaximumIncreaseGraphicFundsIconBig</Identifier>
		<FilenameVariance>GraphicFunds</FilenameVariance>
		<FileFormat>png</FileFormat>
		<PositionX>20</PositionX>
		<PositionY>-83</PositionY>
		<ResourceFolder>Common</ResourceFolder>
		<ZOrder>5</ZOrder>
	</asset>
	<asset>
		<Identifier>PurchaseChargesMaximumIncreaseLabelTextFundsBig</Identifier>
		<FileFormat>ttf</FileFormat>
		<SizeX>50</SizeX>
		<SizeY>30</SizeY>
		<PositionX>63</PositionX>
		<PositionY>-82</PositionY>
		<FontType>RobotoCondensed-Regular</FontType>
		<FontSize>20</FontSize>
		<FontColor>255,255,255</FontColor>
		<TextAlignment>Left</TextAlignment>
		<TextAlignmentVertical>Center</TextAlignmentVertical>
		<ZOrder>5</ZOrder>
	</asset>
	<asset>
		<Identifier>PurchaseChargesMaximumIncreaseLabelTextPriceBig</Identifier>
		<FileFormat>ttf</FileFormat>
		<SizeX>90</SizeX>
		<SizeY>30</SizeY>
		<PositionX>153</PositionX>
		<PositionY>-82</PositionY>
		<FontType>RobotoCondensed-Bold</FontType>
		<FontSize>16</FontSize>
		<FontColor>0,117,170</FontColor>
		<TextAlignment>Center</TextAlignment>
		<TextAlignmentVertical>Center</TextAlignmentVertical>
		<ZOrder>6</ZOrder>
	</asset>
	<asset>
		<Identifier>PurchaseChargesMaximumIncreaseButtonBuyBig</Identifier>
		<FilenameVariance>ButtonStandardSmall</FilenameVariance>
		<FileFormat>png</FileFormat>
		<PositionX>153</PositionX>
		<PositionY>-82</PositionY>
		<ResourceFolder>Common</ResourceFolder>
		<ZOrder>5</ZOrder>
		<SelectedImage>1</SelectedImage>
		<DisabledImage>1</DisabledImage>
		<ButtonClickSound>GuiButton.mp3</ButtonClickSound>
	</asset>
	<asset>
		<Identifier>PurchaseChargesMaximumIncreaseGraphicDividingLine</Identifier>
		<FilenameVariance>GraphicDividingLine</FilenameVariance>
		<FileFormat>jpg</FileFormat>
		<PositionX>0</PositionX>
		<PositionY>-120</PositionY>
		<ResourceFolder>Common</ResourceFolder>
		<ZOrder>6</ZOrder>
	</asset>
</assets>
