<?xml version="1.0" encoding="ISO-8859-1"?>
<assets>
	<asset>
		<Identifier>Self</Identifier>
		<PositionX>0</PositionX>
		<PositionY>0</PositionY>
		<ChildrenDesignRelative>1</ChildrenDesignRelative>
	</asset>
	<asset>
		<Identifier>PurchaseUnlimitedChargesGraphicDividingLine1</Identifier>
		<FilenameVariance>GraphicDividingLine</FilenameVariance>
		<FileFormat>jpg</FileFormat>
		<PositionX>-10000</PositionX>
		<PositionY>113</PositionY>
		<ResourceFolder>Common</ResourceFolder>
		<ZOrder>6</ZOrder>
	</asset>
	<asset>
		<Identifier>PurchaseUnlimitedChargesGraphicTicketsCapacity</Identifier>
		<FilenameVariance>GraphicTicketsEndless</FilenameVariance>
		<FileFormat>png</FileFormat>
		<PositionX>-156</PositionX>
		<PositionY>51</PositionY>
		<ResourceFolder>Purchase</ResourceFolder>
		<ZOrder>5</ZOrder>
	</asset>
	<asset>
		<Identifier>PurchaseUnlimitedChargesLabelTextTitleMoreTickets</Identifier>
		<FileFormat>ttf</FileFormat>
		<SizeX>250</SizeX>
		<SizeY>30</SizeY>
		<PositionX>36</PositionX>
		<PositionY>78</PositionY>
		<FontType>RobotoCondensed-Bold</FontType>
		<FontSize>24</FontSize>
		<FontColor>0,117,170</FontColor>
		<TextAlignment>Left</TextAlignment>
		<TextAlignmentVertical>Center</TextAlignmentVertical>
		<ZOrder>5</ZOrder>
	</asset>
	<asset>
		<Identifier>PurchaseUnlimitedChargesLabelTextMoreTickets</Identifier>
		<FileFormat>ttf</FileFormat>
		<SizeX>250</SizeX>
		<SizeY>50</SizeY>
		<PositionX>36</PositionX>
		<PositionY>34</PositionY>
		<FontType>RobotoCondensed-Regular</FontType>
		<FontSize>20</FontSize>
		<FontColor>255,255,255</FontColor>
		<TextAlignment>Left</TextAlignment>
		<TextAlignmentVertical>Center</TextAlignmentVertical>
		<ZOrder>5</ZOrder>
	</asset>
	<asset>
		<Identifier>PurchaseUnlimitedChargesRadioButtonShortDuration</Identifier>
		<FilenameVariance>ButtonRadio</FilenameVariance>
		<FileFormat>png</FileFormat>
		<PositionX>-130</PositionX>
		<PositionY>-30</PositionY>
		<ResourceFolder>Common</ResourceFolder>
		<ZOrder>5</ZOrder>
		<SelectedImage>1</SelectedImage>
		<DisabledImage>1</DisabledImage>
		<ButtonClickSound>GuiButton.mp3</ButtonClickSound>
		<RadioButtonGroupIdentifier>PurchaseUnlimitedChargesOptions</RadioButtonGroupIdentifier>
	</asset>
	<asset>
		<Identifier>PurchaseUnlimitedChargesLabelTextAmountShortDuration</Identifier>
		<FileFormat>ttf</FileFormat>
		<SizeX>60</SizeX>
		<SizeY>30</SizeY>
		<PositionX>-90</PositionX>
		<PositionY>-30</PositionY>
		<FontType>RobotoCondensed-Regular</FontType>
		<FontSize>24</FontSize>
		<FontColor>255,255,0</FontColor>
		<TextAlignment>Right</TextAlignment>
		<TextAlignmentVertical>Center</TextAlignmentVertical>
		<ZOrder>5</ZOrder>
	</asset>
	<asset>
		<Identifier>PurchaseUnlimitedChargesLabelTextShortDuration</Identifier>
		<FileFormat>ttf</FileFormat>
		<SizeX>60</SizeX>
		<SizeY>30</SizeY>
		<PositionX>-24</PositionX>
		<PositionY>-30</PositionY>
		<FontType>RobotoCondensed-Regular</FontType>
		<FontSize>20</FontSize>
		<FontColor>255,255,0</FontColor>
		<TextAlignment>Left</TextAlignment>
		<TextAlignmentVertical>Center</TextAlignmentVertical>
		<ZOrder>5</ZOrder>
	</asset>
	<asset>
		<Identifier>PurchaseUnlimitedChargesRadioButtonLongDuration</Identifier>
		<FilenameVariance>ButtonRadio</FilenameVariance>
		<FileFormat>png</FileFormat>
		<PositionX>36</PositionX>
		<PositionY>-30</PositionY>
		<ResourceFolder>Common</ResourceFolder>
		<ZOrder>5</ZOrder>
		<SelectedImage>1</SelectedImage>
		<DisabledImage>1</DisabledImage>
		<ButtonClickSound>GuiButton.mp3</ButtonClickSound>
		<RadioButtonGroupIdentifier>PurchaseUnlimitedChargesOptions</RadioButtonGroupIdentifier>
	</asset>
	<asset>
		<Identifier>PurchaseUnlimitedChargesLabelTextAmountLongDuration</Identifier>
		<FileFormat>ttf</FileFormat>
		<SizeX>60</SizeX>
		<SizeY>30</SizeY>
		<PositionX>76</PositionX>
		<PositionY>-30</PositionY>
		<FontType>RobotoCondensed-Regular</FontType>
		<FontSize>24</FontSize>
		<FontColor>255,255,0</FontColor>
		<TextAlignment>Right</TextAlignment>
		<TextAlignmentVertical>Center</TextAlignmentVertical>
		<ZOrder>5</ZOrder>
	</asset>
	<asset>
		<Identifier>PurchaseUnlimitedChargesLabelTextLongDuration</Identifier>
		<FileFormat>ttf</FileFormat>
		<SizeX>60</SizeX>
		<SizeY>30</SizeY>
		<PositionX>142</PositionX>
		<PositionY>-30</PositionY>
		<FontType>RobotoCondensed-Regular</FontType>
		<FontSize>20</FontSize>
		<FontColor>255,255,0</FontColor>
		<TextAlignment>Left</TextAlignment>
		<TextAlignmentVertical>Center</TextAlignmentVertical>
		<ZOrder>5</ZOrder>
	</asset>
	<asset>
		<Identifier>PurchaseUnlimitedChargesLabelTextActive</Identifier>
		<FileFormat>ttf</FileFormat>
		<SizeX>120</SizeX>
		<SizeY>30</SizeY>
		<PositionX>-126</PositionX>
		<PositionY>-77</PositionY>
		<FontType>RobotoCondensed-Regular</FontType>
		<FontSize>20</FontSize>
		<FontColor>255,255,255</FontColor>
		<TextAlignment>Right</TextAlignment>
		<TextAlignmentVertical>Center</TextAlignmentVertical>
		<ZOrder>5</ZOrder>
	</asset>
	<asset>
		<Identifier>PurchaseUnlimitedChargesLabelTextDeactive</Identifier>
		<FileFormat>ttf</FileFormat>
		<SizeX>120</SizeX>
		<SizeY>30</SizeY>
		<PositionX>-126</PositionX>
		<PositionY>-77</PositionY>
		<FontType>RobotoCondensed-Regular</FontType>
		<FontSize>20</FontSize>
		<FontColor>255,255,255</FontColor>
		<TextAlignment>Right</TextAlignment>
		<TextAlignmentVertical>Center</TextAlignmentVertical>
		<ZOrder>5</ZOrder>
	</asset>
	<asset>
		<Identifier>PurchaseUnlimitedChargesLabelTextActiveTimer</Identifier>
		<FileFormat>ttf</FileFormat>
		<SizeX>140</SizeX>
		<SizeY>30</SizeY>
		<PositionX>-2</PositionX>
		<PositionY>-77</PositionY>
		<FontType>RobotoCondensed-Regular</FontType>
		<FontSize>20</FontSize>
		<FontColor>255,255,255</FontColor>
		<TextAlignment>Center</TextAlignment>
		<TextAlignmentVertical>Center</TextAlignmentVertical>
		<ZOrder>5</ZOrder>
	</asset>
	<asset>
		<Identifier>PurchaseUnlimitedChargesLabelTextPriceFunds</Identifier>
		<FileFormat>ttf</FileFormat>
		<SizeX>260</SizeX>
		<SizeY>30</SizeY>
		<PositionX>-108</PositionX>
		<PositionY>-77</PositionY>
		<FontType>RobotoCondensed-Regular</FontType>
		<FontSize>24</FontSize>
		<FontColor>0,117,170</FontColor>
		<TextAlignment>Right</TextAlignment>
		<TextAlignmentVertical>Center</TextAlignmentVertical>
		<ZOrder>5</ZOrder>
	</asset>
	<asset>
		<Identifier>PurchaseUnlimitedChargesGraphicFunds</Identifier>
		<FilenameVariance>GraphicFunds</FilenameVariance>
		<FileFormat>png</FileFormat>
		<PositionX>40</PositionX>
		<PositionY>-77</PositionY>
		<ResourceFolder>Common</ResourceFolder>
		<ZOrder>5</ZOrder>
	</asset>
	<asset>
		<Identifier>PurchaseUnlimitedChargesToggleButton</Identifier>
		<FilenameVariance>ButtonToggleSwitch</FilenameVariance>
		<FileFormat>png</FileFormat>
		<PositionX>116</PositionX>
		<PositionY>-74</PositionY>
		<ResourceFolder>Common</ResourceFolder>
		<ZOrder>5</ZOrder>
		<SelectedImage>1</SelectedImage>
		<ButtonClickSound>GuiButton.mp3</ButtonClickSound>
	</asset>
	<asset>
		<Identifier>PurchaseUnlimitedChargesGraphicDividingLine</Identifier>
		<FilenameVariance>GraphicDividingLine</FilenameVariance>
		<FileFormat>jpg</FileFormat>
		<PositionX>0</PositionX>
		<PositionY>-113</PositionY>
		<ResourceFolder>Common</ResourceFolder>
		<ZOrder>6</ZOrder>
	</asset>
</assets>
