<?xml version="1.0" encoding="ISO-8859-1"?>
<assets>
	<asset>
		<Identifier>Self</Identifier>
		<PositionX>0</PositionX>
		<PositionY>0</PositionY>
		<ChildrenDesignRelative>1</ChildrenDesignRelative>
	</asset>
	<asset>
		<Identifier>PurchaseTabMarketLabelTextTitle</Identifier>
		<FileFormat>ttf</FileFormat>
		<SizeX>420</SizeX>
		<SizeY>40</SizeY>
		<PositionX>0</PositionX>
		<PositionY>265</PositionY>
		<FontType>RobotoCondensed-Bold</FontType>
		<FontSize>30</FontSize>
		<FontColor>255,255,0</FontColor>
		<TextAlignment>Center</TextAlignment>
		<TextAlignmentVertical>Top</TextAlignmentVertical>
		<ZOrder>4</ZOrder>
	</asset>
	<asset>
		<Identifier>PurchaseTabMarketLabelTextContent</Identifier>
		<FileFormat>ttf</FileFormat>
		<SizeX>250</SizeX>
		<SizeY>60</SizeY>
		<PositionX>0</PositionX>
		<PositionY>220</PositionY>
		<FontType>RobotoCondensed-Regular</FontType>
		<FontSize>20</FontSize>
		<FontColor>255,255,255</FontColor>
		<TextAlignment>Center</TextAlignment>
		<TextAlignmentVertical>Top</TextAlignmentVertical>
		<ZOrder>5</ZOrder>
	</asset>
	<asset>
		<Identifier>PurchaseTabMarketLabelTextMarket</Identifier>
		<FileFormat>ttf</FileFormat>
		<SizeX>200</SizeX>
		<SizeY>30</SizeY>
		<PositionX>-80</PositionX>
		<PositionY>-350</PositionY>
		<FontType>RobotoCondensed-Bold</FontType>
		<FontSize>16</FontSize>
		<FontColor>0,117,170</FontColor>
		<TextAlignment>Center</TextAlignment>
		<TextAlignmentVertical>Center</TextAlignmentVertical>
		<ZOrder>5</ZOrder>
	</asset>
	<asset>
		<Identifier>PurchaseTabMarketGraphicTabMarket</Identifier>
		<FilenameVariance>ButtonTabSelected</FilenameVariance>
		<FileFormat>png</FileFormat>
		<PositionX>-80</PositionX>
		<PositionY>-350</PositionY>
		<ResourceFolder>Common</ResourceFolder>
		<ZOrder>4</ZOrder>
	</asset>
	<asset>
		<Identifier>PurchaseTabMarketLabelTextFunds</Identifier>
		<FileFormat>ttf</FileFormat>
		<SizeX>200</SizeX>
		<SizeY>30</SizeY>
		<PositionX>80</PositionX>
		<PositionY>-352</PositionY>
		<FontType>RobotoCondensed-Bold</FontType>
		<FontSize>16</FontSize>
		<FontColor>0,117,170</FontColor>
		<TextAlignment>Center</TextAlignment>
		<TextAlignmentVertical>Center</TextAlignmentVertical>
		<ZOrder>5</ZOrder>
	</asset>
	<asset>
		<Identifier>PurchaseTabMarketButtonTabFunds</Identifier>
		<FilenameVariance>ButtonTab</FilenameVariance>
		<FileFormat>png</FileFormat>
		<PositionX>80</PositionX>
		<PositionY>-352</PositionY>
		<ResourceFolder>Common</ResourceFolder>
		<ZOrder>4</ZOrder>
		<ButtonClickSound>GuiButton.mp3</ButtonClickSound>
	</asset>
</assets>
