<?xml version="1.0" encoding="ISO-8859-1"?>
<assets>
	<asset>
		<Identifier>Self</Identifier>
		<PositionX>0</PositionX>
		<PositionY>0</PositionY>
		<ChildrenDesignRelative>1</ChildrenDesignRelative>
	</asset>
	<asset>
		<Identifier>PurchaseChargesGraphicMoreTickets</Identifier>
		<FilenameVariance>GraphicTicketsAmount</FilenameVariance>
		<FileFormat>png</FileFormat>
		<PositionX>-156</PositionX>
		<PositionY>51</PositionY>
		<ResourceFolder>Purchase</ResourceFolder>
		<ZOrder>5</ZOrder>
	</asset>
	<asset>
		<Identifier>PurchaseChargesLabelTextTitleMoreTickets</Identifier>
		<FileFormat>ttf</FileFormat>
		<SizeX>250</SizeX>
		<SizeY>30</SizeY>
		<PositionX>36</PositionX>
		<PositionY>80</PositionY>
		<FontType>EurostileTBla</FontType>
		<FontSize>24</FontSize>
		<FontColor>50,50,50</FontColor>
		<TextAlignment>Left</TextAlignment>
		<TextAlignmentVertical>Center</TextAlignmentVertical>
		<ZOrder>5</ZOrder>
	</asset>
	<asset>
		<Identifier>PurchaseChargesLabelTextMoreTickets</Identifier>
		<FileFormat>ttf</FileFormat>
		<SizeX>250</SizeX>
		<SizeY>50</SizeY>
		<PositionX>36</PositionX>
		<PositionY>35</PositionY>
		<FontType>RobotoCondensed-Regular</FontType>
		<FontSize>20</FontSize>
		<FontColor>255,255,255</FontColor>
		<TextAlignment>Left</TextAlignment>
		<TextAlignmentVertical>Center</TextAlignmentVertical>
		<ZOrder>5</ZOrder>
	</asset>
	<asset>
		<Identifier>PurchaseChargesGraphicChargeIcon0</Identifier>
		<FilenameVariance>GraphicCharges</FilenameVariance>
		<FileFormat>png</FileFormat>
		<PositionX>-165</PositionX>
		<PositionY>-20</PositionY>
		<ResourceFolder>Common</ResourceFolder>
		<ZOrder>5</ZOrder>
	</asset>
	<asset>
		<Identifier>PurchaseChargesLabelTextAmountChargePackage0</Identifier>
		<FileFormat>ttf</FileFormat>
		<SizeX>40</SizeX>
		<SizeY>30</SizeY>
		<PositionX>-130</PositionX>
		<PositionY>-20</PositionY>
		<FontType>EurostileTBla</FontType>
		<FontSize>24</FontSize>
		<FontColor>22,39,113</FontColor>
		<TextAlignment>Left</TextAlignment>
		<TextAlignmentVertical>Center</TextAlignmentVertical>
		<ZOrder>5</ZOrder>
	</asset>
	<asset>
		<Identifier>PurchaseChargesLabelTextChargePackage0</Identifier>
		<FileFormat>ttf</FileFormat>
		<SizeX>100</SizeX>
		<SizeY>30</SizeY>
		<PositionX>-60</PositionX>
		<PositionY>-22</PositionY>
		<FontType>RobotoCondensed-Regular</FontType>
		<FontSize>20</FontSize>
		<FontColor>255,255,255</FontColor>
		<TextAlignment>Left</TextAlignment>
		<TextAlignmentVertical>Center</TextAlignmentVertical>
		<ZOrder>5</ZOrder>
	</asset>
	<asset>
		<Identifier>PurchaseChargesLabelTextPriceFundsChargePackage0</Identifier>
		<FileFormat>ttf</FileFormat>
		<SizeX>60</SizeX>
		<SizeY>30</SizeY>
		<PositionX>-8</PositionX>
		<PositionY>-20</PositionY>
		<FontType>EurostileTBla</FontType>
		<FontSize>24</FontSize>
		<FontColor>255,174,0</FontColor>
		<TextAlignment>Right</TextAlignment>
		<TextAlignmentVertical>Center</TextAlignmentVertical>
		<ZOrder>5</ZOrder>
	</asset>
	<asset>
		<Identifier>PurchaseChargesGraphicFundsIcon0</Identifier>
		<FilenameVariance>GraphicFunds</FilenameVariance>
		<FileFormat>png</FileFormat>
		<PositionX>38</PositionX>
		<PositionY>-20</PositionY>
		<ResourceFolder>Common</ResourceFolder>
		<ZOrder>5</ZOrder>
	</asset>
	<asset>
		<Identifier>PurchaseChargesLabelTextFundsChargePackage0</Identifier>
		<FileFormat>ttf</FileFormat>
		<SizeX>50</SizeX>
		<SizeY>30</SizeY>
		<PositionX>83</PositionX>
		<PositionY>-22</PositionY>
		<FontType>RobotoCondensed-Regular</FontType>
		<FontSize>20</FontSize>
		<FontColor>255,255,255</FontColor>
		<TextAlignment>Left</TextAlignment>
		<TextAlignmentVertical>Center</TextAlignmentVertical>
		<ZOrder>5</ZOrder>
	</asset>
	<asset>
		<Identifier>PurchaseChargesLabelTextPriceChargePackage0</Identifier>
		<FileFormat>ttf</FileFormat>
		<SizeX>90</SizeX>
		<SizeY>20</SizeY>
		<PositionX>153</PositionX>
		<PositionY>-22</PositionY>
		<FontType>EurostileTBla</FontType>
		<FontSize>16</FontSize>
		<FontColor>50,50,50</FontColor>
		<TextAlignment>Center</TextAlignment>
		<TextAlignmentVertical>Center</TextAlignmentVertical>
		<ZOrder>6</ZOrder>
	</asset>
	<asset>
		<Identifier>PurchaseChargesButtonBuyChargePackage0</Identifier>
		<FilenameVariance>ButtonStandardSmall</FilenameVariance>
		<FileFormat>png</FileFormat>
		<PositionX>153</PositionX>
		<PositionY>-22</PositionY>
		<ResourceFolder>Common</ResourceFolder>
		<ZOrder>5</ZOrder>
		<SelectedImage>1</SelectedImage>
		<DisabledImage>1</DisabledImage>
	</asset>
	<asset>
		<Identifier>PurchaseChargesGraphicChargeIcon1</Identifier>
		<FilenameVariance>GraphicCharges</FilenameVariance>
		<FileFormat>png</FileFormat>
		<PositionX>-165</PositionX>
		<PositionY>-60</PositionY>
		<ResourceFolder>Common</ResourceFolder>
		<ZOrder>5</ZOrder>
	</asset>
	<asset>
		<Identifier>PurchaseChargesLabelTextAmountChargePackage1</Identifier>
		<FileFormat>ttf</FileFormat>
		<SizeX>40</SizeX>
		<SizeY>30</SizeY>
		<PositionX>-130</PositionX>
		<PositionY>-60</PositionY>
		<FontType>EurostileTBla</FontType>
		<FontSize>24</FontSize>
		<FontColor>22,39,113</FontColor>
		<TextAlignment>Left</TextAlignment>
		<TextAlignmentVertical>Center</TextAlignmentVertical>
		<ZOrder>5</ZOrder>
	</asset>
	<asset>
		<Identifier>PurchaseChargesLabelTextChargePackage1</Identifier>
		<FileFormat>ttf</FileFormat>
		<SizeX>100</SizeX>
		<SizeY>30</SizeY>
		<PositionX>-60</PositionX>
		<PositionY>-62</PositionY>
		<FontType>RobotoCondensed-Regular</FontType>
		<FontSize>20</FontSize>
		<FontColor>255,255,255</FontColor>
		<TextAlignment>Left</TextAlignment>
		<TextAlignmentVertical>Center</TextAlignmentVertical>
		<ZOrder>5</ZOrder>
	</asset>
	<asset>
		<Identifier>PurchaseChargesLabelTextPriceFundsChargePackage1</Identifier>
		<FileFormat>ttf</FileFormat>
		<SizeX>60</SizeX>
		<SizeY>30</SizeY>
		<PositionX>-8</PositionX>
		<PositionY>-60</PositionY>
		<FontType>EurostileTBla</FontType>
		<FontSize>24</FontSize>
		<FontColor>255,174,0</FontColor>
		<TextAlignment>Right</TextAlignment>
		<TextAlignmentVertical>Center</TextAlignmentVertical>
		<ZOrder>5</ZOrder>
	</asset>
	<asset>
		<Identifier>PurchaseChargesGraphicFundsIcon1</Identifier>
		<FilenameVariance>GraphicFunds</FilenameVariance>
		<FileFormat>png</FileFormat>
		<PositionX>38</PositionX>
		<PositionY>-60</PositionY>
		<ResourceFolder>Common</ResourceFolder>
		<ZOrder>5</ZOrder>
	</asset>
	<asset>
		<Identifier>PurchaseChargesLabelTextFundsChargePackage1</Identifier>
		<FileFormat>ttf</FileFormat>
		<SizeX>50</SizeX>
		<SizeY>30</SizeY>
		<PositionX>83</PositionX>
		<PositionY>-62</PositionY>
		<FontType>RobotoCondensed-Regular</FontType>
		<FontSize>20</FontSize>
		<FontColor>255,255,255</FontColor>
		<TextAlignment>Left</TextAlignment>
		<TextAlignmentVertical>Center</TextAlignmentVertical>
		<ZOrder>5</ZOrder>
	</asset>
	<asset>
		<Identifier>PurchaseChargesLabelTextPriceChargePackage1</Identifier>
		<FileFormat>ttf</FileFormat>
		<SizeX>90</SizeX>
		<SizeY>20</SizeY>
		<PositionX>153</PositionX>
		<PositionY>-62</PositionY>
		<FontType>EurostileTBla</FontType>
		<FontSize>16</FontSize>
		<FontColor>50,50,50</FontColor>
		<TextAlignment>Center</TextAlignment>
		<TextAlignmentVertical>Center</TextAlignmentVertical>
		<ZOrder>6</ZOrder>
	</asset>
	<asset>
		<Identifier>PurchaseChargesButtonBuyChargePackage1</Identifier>
		<FilenameVariance>ButtonStandardSmall</FilenameVariance>
		<FileFormat>png</FileFormat>
		<PositionX>153</PositionX>
		<PositionY>-62</PositionY>
		<ResourceFolder>Common</ResourceFolder>
		<ZOrder>5</ZOrder>
		<SelectedImage>1</SelectedImage>
		<DisabledImage>1</DisabledImage>
	</asset>
	<asset>
		<Identifier>PurchaseChargesGraphicDividingLine</Identifier>
		<FilenameVariance>GraphicDividingLine</FilenameVariance>
		<FileFormat>jpg</FileFormat>
		<PositionX>0</PositionX>
		<PositionY>-100</PositionY>
		<ResourceFolder>Common</ResourceFolder>
		<ZOrder>6</ZOrder>
	</asset>
</assets>
