<?xml version="1.0" encoding="ISO-8859-1"?>
<assets>
	<asset>
		<Identifier>Self</Identifier>
		<PositionX>0</PositionX>
		<PositionY>0</PositionY>
		<ChildrenDesignRelative>1</ChildrenDesignRelative>
	</asset>
	<asset>
		<Identifier>RankingOverGraphicPopUpBackground</Identifier>
		<FilenameVariance>GraphicBackground</FilenameVariance>
		<FileFormat>jpg</FileFormat>
		<PositionX>0</PositionX>
		<PositionY>0</PositionY>
		<ResourceFolder>Common</ResourceFolder>
		<ZOrder>0</ZOrder>
	</asset>
	<asset>
		<Identifier>RankingOverButtonAccept</Identifier>
		<FilenameVariance>ButtonBack</FilenameVariance>
		<FileFormat>png</FileFormat>
		<PositionX>-170</PositionX>
		<PositionY>265</PositionY>
		<ResourceFolder>Common</ResourceFolder>
		<ZOrder>4</ZOrder>
		<SelectedImage>1</SelectedImage>
		<ButtonClickSound>GuiButton.mp3</ButtonClickSound>
	</asset>
	<asset>
		<Identifier>RankingOverLabelTextAccept</Identifier>
		<FileFormat>ttf</FileFormat>
		<SizeX>150</SizeX>
		<SizeY>60</SizeY>
		<PositionX>-170</PositionX>
		<PositionY>205</PositionY>
		<FontType>EurostileTBla</FontType>
		<FontSize>16</FontSize>
		<FontColor>255,255,255</FontColor>
		<TextAlignment>Center</TextAlignment>
		<TextAlignmentVertical>Top</TextAlignmentVertical>
		<ZOrder>4</ZOrder>
	</asset>
	<asset>
		<Identifier>RankingOverLabelTextTitle</Identifier>
		<FileFormat>ttf</FileFormat>
		<SizeX>420</SizeX>
		<SizeY>40</SizeY>
		<PositionX>0</PositionX>
		<PositionY>265</PositionY>
		<FontType>EurostileTBla</FontType>
		<FontSize>30</FontSize>
		<FontColor>255,255,255</FontColor>
		<TextAlignment>Center</TextAlignment>
		<TextAlignmentVertical>Top</TextAlignmentVertical>
		<ZOrder>4</ZOrder>
	</asset>
	<asset>
		<Identifier>RankingOverLabelTextPastLeaguePosition</Identifier>
		<FileFormat>ttf</FileFormat>
		<SizeX>417</SizeX>
		<SizeY>55</SizeY>
		<PositionX>0</PositionX>
		<PositionY>0</PositionY>
		<FontType>RobotoCondensed-Regular</FontType>
		<FontSize>20</FontSize>
		<FontColor>50,50,50</FontColor>
		<TextAlignment>Center</TextAlignment>
		<TextAlignmentVertical>Top</TextAlignmentVertical>
		<ZOrder>4</ZOrder>
	</asset>
	<asset>
		<Identifier>RankingOverLabelTextPastLeague</Identifier>
		<FileFormat>ttf</FileFormat>
		<SizeX>500</SizeX>
		<SizeY>210</SizeY>
		<PositionX>0</PositionX>
		<PositionY>-110</PositionY>
		<FontType>RobotoCondensed-Regular</FontType>
		<FontSize>20</FontSize>
		<FontColor>50,50,50</FontColor>
		<TextAlignment>Center</TextAlignment>
		<TextAlignmentVertical>Top</TextAlignmentVertical>
		<ZOrder>4</ZOrder>
	</asset>
	<asset>
		<Identifier>RankingOverLabelTextContentNoChange</Identifier>
		<FileFormat>ttf</FileFormat>
		<SizeX>417</SizeX>
		<SizeY>210</SizeY>
		<PositionX>0</PositionX>
		<PositionY>-140</PositionY>
		<FontType>RobotoCondensed-Regular</FontType>
		<FontSize>20</FontSize>
		<FontColor>50,50,50</FontColor>
		<TextAlignment>Center</TextAlignment>
		<TextAlignmentVertical>Top</TextAlignmentVertical>
		<ZOrder>4</ZOrder>
	</asset>
	<asset>
		<Identifier>RankingOverLabelTextContentPromote</Identifier>
		<FileFormat>ttf</FileFormat>
		<SizeX>500</SizeX>
		<SizeY>210</SizeY>
		<PositionX>0</PositionX>
		<PositionY>-140</PositionY>
		<FontType>RobotoCondensed-Regular</FontType>
		<FontSize>20</FontSize>
		<FontColor>50,50,50</FontColor>
		<TextAlignment>Center</TextAlignment>
		<TextAlignmentVertical>Top</TextAlignmentVertical>
		<ZOrder>4</ZOrder>
	</asset>
	<asset>
		<Identifier>RankingOverLabelTextContentRelegate</Identifier>
		<FileFormat>ttf</FileFormat>
		<SizeX>500</SizeX>
		<SizeY>210</SizeY>
		<PositionX>0</PositionX>
		<PositionY>-140</PositionY>
		<FontType>RobotoCondensed-Regular</FontType>
		<FontSize>20</FontSize>
		<FontColor>50,50,50</FontColor>
		<TextAlignment>Center</TextAlignment>
		<TextAlignmentVertical>Top</TextAlignmentVertical>
		<ZOrder>4</ZOrder>
	</asset>
	<asset>
		<Identifier>RankingOverLabelTextPastLeaguePosition</Identifier>
		<FileFormat>ttf</FileFormat>
		<SizeX>417</SizeX>
		<SizeY>210</SizeY>
		<PositionX>0</PositionX>
		<PositionY>-30</PositionY>
		<FontType>EurostileTBla</FontType>
		<FontSize>20</FontSize>
		<FontColor>50,50,50</FontColor>
		<TextAlignment>Center</TextAlignment>
		<TextAlignmentVertical>Top</TextAlignmentVertical>
		<ZOrder>4</ZOrder>
	</asset>
	<asset>
		<Identifier>RankingOverLabelTextPastLeaguePosition</Identifier>
		<FileFormat>ttf</FileFormat>
		<SizeX>417</SizeX>
		<SizeY>210</SizeY>
		<PositionX>0</PositionX>
		<PositionY>-30</PositionY>
		<FontType>EurostileTBla</FontType>
		<FontSize>20</FontSize>
		<FontColor>50,50,50</FontColor>
		<TextAlignment>Center</TextAlignment>
		<TextAlignmentVertical>Top</TextAlignmentVertical>
		<ZOrder>4</ZOrder>
	</asset>
	<asset>
		<Identifier>RankingOverLabelTextPastLeaguePosition</Identifier>
		<FileFormat>ttf</FileFormat>
		<SizeX>417</SizeX>
		<SizeY>210</SizeY>
		<PositionX>0</PositionX>
		<PositionY>-30</PositionY>
		<FontType>EurostileTBla</FontType>
		<FontSize>20</FontSize>
		<FontColor>50,50,50</FontColor>
		<TextAlignment>Center</TextAlignment>
		<TextAlignmentVertical>Top</TextAlignmentVertical>
		<ZOrder>4</ZOrder>
	</asset>
	<asset>
		<Identifier>RankingOverGraphicRewardFunds</Identifier>
		<FilenameVariance>GraphicFunds</FilenameVariance>
		<FileFormat>png</FileFormat>
		<PositionX>-20</PositionX>
		<PositionY>-90</PositionY>
		<ResourceFolder>Common</ResourceFolder>
		<ZOrder>2</ZOrder>
	</asset>
	<asset>
		<Identifier>RankingOverLabelTextRewardValue</Identifier>
		<FileFormat>fnt</FileFormat>
		<SizeX>417</SizeX>
		<SizeY>25</SizeY>
		<PositionX>210</PositionX>
		<PositionY>-90</PositionY>
		<FontType>EurostileTBla</FontType>
		<FontSize>20</FontSize>
		<FontColor>50,50,50</FontColor>
		<TextAlignment>Left</TextAlignment>
		<TextAlignmentVertical>Top</TextAlignmentVertical>
		<ZOrder>4</ZOrder>
	</asset>
	<asset>
		<Identifier>RankingOverLabelTextNextLeagueTitle</Identifier>
		<FileFormat>fnt</FileFormat>
		<SizeX>417</SizeX>
		<SizeY>55</SizeY>
		<PositionX>0</PositionX>
		<PositionY>-140</PositionY>
		<FontType>RobotoCondensed-Regular</FontType>
		<FontSize>20</FontSize>
		<FontColor>50,50,50</FontColor>
		<TextAlignment>Center</TextAlignment>
		<TextAlignmentVertical>Top</TextAlignmentVertical>
		<ZOrder>4</ZOrder>
	</asset>
	<asset>
		<Identifier>RankingOverLabelTextNextLeague</Identifier>
		<FileFormat>fnt</FileFormat>
		<SizeX>417</SizeX>
		<SizeY>55</SizeY>
		<PositionX>0</PositionX>
		<PositionY>-160</PositionY>
		<FontType>RobotoCondensed-Regular</FontType>
		<FontSize>20</FontSize>
		<FontColor>50,50,50</FontColor>
		<TextAlignment>Center</TextAlignment>
		<TextAlignmentVertical>Top</TextAlignmentVertical>
		<ZOrder>4</ZOrder>
	</asset>
	<asset>
		<Identifier>RankingOverGraphicNextLeague0</Identifier>
		<FilenameVariance>GraphicFunds</FilenameVariance>
		<FileFormat>png</FileFormat>
		<PositionX>0</PositionX>
		<PositionY>-160</PositionY>
		<ResourceFolder>Common</ResourceFolder>
		<ZOrder>2</ZOrder>
	</asset>
	<asset>
		<Identifier>RankingOverGraphicNextLeague1</Identifier>
		<FilenameVariance>GraphicFunds</FilenameVariance>
		<FileFormat>png</FileFormat>
		<PositionX>0</PositionX>
		<PositionY>-310</PositionY>
		<ResourceFolder>Common</ResourceFolder>
		<ZOrder>2</ZOrder>
	</asset>
	<asset>
		<Identifier>RankingOverGraphicNextLeague2</Identifier>
		<FilenameVariance>GraphicFunds</FilenameVariance>
		<FileFormat>png</FileFormat>
		<PositionX>0</PositionX>
		<PositionY>-310</PositionY>
		<ResourceFolder>Common</ResourceFolder>
		<ZOrder>2</ZOrder>
	</asset>
	<asset>
		<Identifier>RankingOverGraphicNextLeague3</Identifier>
		<FilenameVariance>GraphicFunds</FilenameVariance>
		<FileFormat>png</FileFormat>
		<PositionX>0</PositionX>
		<PositionY>-310</PositionY>
		<ResourceFolder>Common</ResourceFolder>
		<ZOrder>2</ZOrder>
	</asset>
	<asset>
		<Identifier>RankingOverGraphicNextLeague4</Identifier>
		<FilenameVariance>GraphicFunds</FilenameVariance>
		<FileFormat>png</FileFormat>
		<PositionX>0</PositionX>
		<PositionY>-310</PositionY>
		<ResourceFolder>Common</ResourceFolder>
		<ZOrder>2</ZOrder>
	</asset>
	<asset>
		<Identifier>RankingOverCustomAssetClippingMaskRanking</Identifier>
		<SizeX>450</SizeX>
		<SizeY>370</SizeY>
		<PositionX>0</PositionX>
		<PositionY>-34</PositionY>
	</asset>
	<asset>
		<Identifier>RankingOverGraphicBackgroundFrameChallengePlayer</Identifier>
		<FilenameVariance>GraphicFrameSmallChallengePlayer</FilenameVariance>
		<FileFormat>png</FileFormat>
		<PositionX>0</PositionX>
		<PositionY>-30</PositionY>
		<ResourceFolder>Common</ResourceFolder>
		<ZOrder>1</ZOrder>
	</asset>
</assets>
