<?xml version="1.0" encoding="ISO-8859-1"?>
<assets>
	<asset>
		<Identifier>Self</Identifier>
		<PositionX>0</PositionX>
		<PositionY>0</PositionY>
		<ChildrenDesignRelative>1</ChildrenDesignRelative>
	</asset>
	<asset>
		<Identifier>RankingPlayerPromotionLabelTextPlayerPositionValue</Identifier>
		<FileFormat>ttf</FileFormat>
		<SizeX>200</SizeX>
		<SizeY>30</SizeY>
		<PositionX>-38</PositionX>
		<PositionY>0</PositionY>
		<FontType>EurostileTBla</FontType>
		<FontSize>20</FontSize>
		<FontColor>255,255,255</FontColor>
		<TextAlignment>Left</TextAlignment>
		<TextAlignmentVertical>Center</TextAlignmentVertical>
		<ZOrder>3</ZOrder>
	</asset>
	<asset>
		<Identifier>RankingPlayerPromotionLabelTextPlayerName</Identifier>
		<FileFormat>system</FileFormat>
		<SizeX>600</SizeX>
		<SizeY>30</SizeY>
		<PositionX>214</PositionX>
		<PositionY>10</PositionY>
		<FontType>EurostileTBla</FontType>
		<FontSize>20</FontSize>
		<FontColor>255,255,255</FontColor>
		<TextAlignment>Left</TextAlignment>
		<TextAlignmentVertical>Center</TextAlignmentVertical>
		<ZOrder>3</ZOrder>
	</asset>
	<asset>
		<Identifier>RankingPlayerPromotionLabelTextPlayerPositionValueMe</Identifier>
		<FileFormat>ttf</FileFormat>
		<SizeX>200</SizeX>
		<SizeY>30</SizeY>
		<PositionX>-38</PositionX>
		<PositionY>0</PositionY>
		<FontType>EurostileTBla</FontType>
		<FontSize>20</FontSize>
		<FontColor>132,60,165</FontColor>
		<TextAlignment>Left</TextAlignment>
		<TextAlignmentVertical>Center</TextAlignmentVertical>
		<ZOrder>3</ZOrder>
	</asset>
	<asset>
		<Identifier>RankingPlayerPromotionLabelTextPlayerNameMe</Identifier>
		<FileFormat>system</FileFormat>
		<SizeX>600</SizeX>
		<SizeY>30</SizeY>
		<PositionX>214</PositionX>
		<PositionY>10</PositionY>
		<FontType>EurostileTBla</FontType>
		<FontSize>20</FontSize>
		<FontColor>132,60,165</FontColor>
		<TextAlignment>Left</TextAlignment>
		<TextAlignmentVertical>Center</TextAlignmentVertical>
		<ZOrder>3</ZOrder>
	</asset>
	<asset>
		<Identifier>RankingPlayerPromotionLabelTextPlayerPromotion</Identifier>
		<FileFormat>ttf</FileFormat>
		<SizeX>140</SizeX>
		<SizeY>30</SizeY>
		<PositionX>-15</PositionX>
		<PositionY>-12</PositionY>
		<FontType>RobotoCondensed-Regular</FontType>
		<FontSize>20</FontSize>
		<FontColor>255,255,255</FontColor>
		<TextAlignment>Left</TextAlignment>
		<TextAlignmentVertical>Center</TextAlignmentVertical>
		<ZOrder>3</ZOrder>
	</asset>
	<asset>
		<Identifier>RankingPlayerPromotionGraphicPlayerLeaguePoints</Identifier>
		<FilenameVariance>GraphicLeaguePoints</FilenameVariance>
		<FileFormat>png</FileFormat>
		<PositionX>150</PositionX>
		<PositionY>10</PositionY>
		<ResourceFolder>Common</ResourceFolder>
		<ZOrder>2</ZOrder>
	</asset>
	<asset>
		<Identifier>RankingPlayerPromotionLabelTextPlayerLeaguePointsValue</Identifier>
		<FileFormat>ttf</FileFormat>
		<SizeX>120</SizeX>
		<SizeY>30</SizeY>
		<PositionX>76</PositionX>
		<PositionY>12</PositionY>
		<FontType>EurostileTBla</FontType>
		<FontSize>24</FontSize>
		<FontColor>132,60,165</FontColor>
		<TextAlignment>Right</TextAlignment>
		<TextAlignmentVertical>Center</TextAlignmentVertical>
		<ZOrder>3</ZOrder>
	</asset>
	<asset>
		<Identifier>RankingPlayerPromotionGraphicPlayerFunds</Identifier>
		<FilenameVariance>GraphicFunds</FilenameVariance>
		<FileFormat>png</FileFormat>
		<PositionX>150</PositionX>
		<PositionY>-14</PositionY>
		<ResourceFolder>Common</ResourceFolder>
		<ZOrder>2</ZOrder>
	</asset>
	<asset>
		<Identifier>RankingPlayerPromotionLabelTextPlayerFundsValue</Identifier>
		<FileFormat>ttf</FileFormat>
		<SizeX>120</SizeX>
		<SizeY>30</SizeY>
		<PositionX>76</PositionX>
		<PositionY>-12</PositionY>
		<FontType>EurostileTBla</FontType>
		<FontSize>24</FontSize>
		<FontColor>255,174,0</FontColor>
		<TextAlignment>Right</TextAlignment>
		<TextAlignmentVertical>Center</TextAlignmentVertical>
		<ZOrder>3</ZOrder>
	</asset>
	<asset>
		<Identifier>RankingPlayerPromotionGraphicPromotion</Identifier>
		<FilenameVariance>GraphicStatusPromotion</FilenameVariance>
		<FileFormat>png</FileFormat>
		<PositionX>187</PositionX>
		<PositionY>0</PositionY>
		<ResourceFolder>Common</ResourceFolder>
		<ZOrder>2</ZOrder>
	</asset>
	<asset>
		<Identifier>RankingPlayerPromotionGraphicPlayerAvatar*</Identifier>
		<FileFormat>jpg</FileFormat>
		<PositionX>-170</PositionX>
		<PositionY>0</PositionY>
		<ResourceFolder>Common</ResourceFolder>
		<ZOrder>3</ZOrder>
	</asset>
	<asset>
		<Identifier>RankingPlayerPromotionButtonPlayerAvatar</Identifier>
		<FilenameVariance>ButtonAvatar</FilenameVariance>
		<FileFormat>png</FileFormat>
		<PositionX>-170</PositionX>
		<PositionY>0</PositionY>
		<ResourceFolder>Common</ResourceFolder>
		<ZOrder>2</ZOrder>
		<SelectedImage>1</SelectedImage>
		<ButtonClickSound>GuiButton.mp3</ButtonClickSound>
	</asset>
</assets>
