<?xml version="1.0" encoding="ISO-8859-1"?>
<assets>
	<asset>
		<Identifier>Self</Identifier>
		<PositionX>0</PositionX>
		<PositionY>0</PositionY>
		<ChildrenDesignRelative>1</ChildrenDesignRelative>
	</asset>
	<asset>
		<Identifier>RankingQualificationLabelTextTitle</Identifier>
		<FileFormat>ttf</FileFormat>
		<SizeX>420</SizeX>
		<SizeY>40</SizeY>
		<PositionX>0</PositionX>
		<PositionY>265</PositionY>
		<FontType>EurostileTBla</FontType>
		<FontSize>30</FontSize>
		<FontColor>255,255,255</FontColor>
		<TextAlignment>Center</TextAlignment>
		<TextAlignmentVertical>Top</TextAlignmentVertical>
		<ZOrder>4</ZOrder>
	</asset>
	<asset>
		<Identifier>RankingQualificationLabelTextCurrentLeague</Identifier>
		<FileFormat>ttf</FileFormat>
		<SizeX>420</SizeX>
		<SizeY>30</SizeY>
		<PositionX>0</PositionX>
		<PositionY>240</PositionY>
		<FontType>RobotoCondensed-Regular</FontType>
		<FontSize>20</FontSize>
		<FontColor>255,255,255</FontColor>
		<TextAlignment>Center</TextAlignment>
		<TextAlignmentVertical>Center</TextAlignmentVertical>
		<ZOrder>5</ZOrder>
	</asset>
	<asset>
		<Identifier>RankingQualificationLabelTextTitleQualification</Identifier>
		<FileFormat>ttf</FileFormat>
		<SizeX>420</SizeX>
		<SizeY>30</SizeY>
		<PositionX>0</PositionX>
		<PositionY>150</PositionY>
		<FontType>EurostileTBla</FontType>
		<FontSize>24</FontSize>
		<FontColor>50,50,50</FontColor>
		<TextAlignment>Center</TextAlignment>
		<TextAlignmentVertical>Center</TextAlignmentVertical>
		<ZOrder>5</ZOrder>
	</asset>
	<asset>
		<Identifier>RankingQualificationLabelTextQualification</Identifier>
		<FileFormat>ttf</FileFormat>
		<SizeX>300</SizeX>
		<SizeY>130</SizeY>
		<PositionX>0</PositionX>
		<PositionY>70</PositionY>
		<FontType>RobotoCondensed-Regular</FontType>
		<FontSize>20</FontSize>
		<FontColor>255,255,255</FontColor>
		<TextAlignment>Center</TextAlignment>
		<TextAlignmentVertical>Top</TextAlignmentVertical>
		<ZOrder>5</ZOrder>
	</asset>
	<asset>
		<Identifier>RankingQualificationGraphicLocked</Identifier>
		<FilenameVariance>GraphicLockedBig</FilenameVariance>
		<FileFormat>png</FileFormat>
		<PositionX>0</PositionX>
		<PositionY>5</PositionY>
		<ResourceFolder>Common</ResourceFolder>
		<ZOrder>5</ZOrder>
	</asset>
	<asset>
		<Identifier>RankingQualificationLabelTextRequirement</Identifier>
		<FileFormat>ttf</FileFormat>
		<SizeX>400</SizeX>
		<SizeY>30</SizeY>
		<PositionX>0</PositionX>
		<PositionY>-74</PositionY>
		<FontType>RobotoCondensed-Regular</FontType>
		<FontSize>20</FontSize>
		<FontColor>255,255,255</FontColor>
		<TextAlignment>Center</TextAlignment>
		<TextAlignmentVertical>Top</TextAlignmentVertical>
		<ZOrder>5</ZOrder>
	</asset>
	<asset>
		<Identifier>RankingQualificationLabelTextRequirementLeaguePointsValue</Identifier>
		<FileFormat>ttf</FileFormat>
		<SizeX>140</SizeX>
		<SizeY>30</SizeY>
		<PositionX>-92</PositionX>
		<PositionY>-100</PositionY>
		<FontType>EurostileTBla</FontType>
		<FontSize>24</FontSize>
		<FontColor>132,60,165</FontColor>
		<TextAlignment>Right</TextAlignment>
		<TextAlignmentVertical>Center</TextAlignmentVertical>
		<ZOrder>6</ZOrder>
	</asset>
	<asset>
		<Identifier>RankingQualificationGraphicRequirementLeaguePoints</Identifier>
		<FilenameVariance>GraphicLeaguePoints</FilenameVariance>
		<FileFormat>png</FileFormat>
		<PositionX>0</PositionX>
		<PositionY>-100</PositionY>
		<ResourceFolder>Common</ResourceFolder>
		<ZOrder>7</ZOrder>
	</asset>
	<asset>
		<Identifier>RankingQualificationLabelTextRequirementLeaguePoints</Identifier>
		<FileFormat>ttf</FileFormat>
		<SizeX>140</SizeX>
		<SizeY>30</SizeY>
		<PositionX>92</PositionX>
		<PositionY>-100</PositionY>
		<FontType>RobotoCondensed-Regular</FontType>
		<FontSize>20</FontSize>
		<FontColor>50,50,50</FontColor>
		<TextAlignment>Left</TextAlignment>
		<TextAlignmentVertical>Center</TextAlignmentVertical>
		<ZOrder>6</ZOrder>
	</asset>
	<asset>
		<Identifier>RankingQualificationLabelText</Identifier>
		<FileFormat>ttf</FileFormat>
		<SizeX>400</SizeX>
		<SizeY>30</SizeY>
		<PositionX>0</PositionX>
		<PositionY>-134</PositionY>
		<FontType>RobotoCondensed-Regular</FontType>
		<FontSize>20</FontSize>
		<FontColor>255,255,255</FontColor>
		<TextAlignment>Center</TextAlignment>
		<TextAlignmentVertical>Top</TextAlignmentVertical>
		<ZOrder>5</ZOrder>
	</asset>
	<asset>
		<Identifier>RankingQualificationLabelTextLeaguePointsValue</Identifier>
		<FileFormat>ttf</FileFormat>
		<SizeX>140</SizeX>
		<SizeY>30</SizeY>
		<PositionX>-92</PositionX>
		<PositionY>-160</PositionY>
		<FontType>EurostileTBla</FontType>
		<FontSize>24</FontSize>
		<FontColor>132,60,165</FontColor>
		<TextAlignment>Right</TextAlignment>
		<TextAlignmentVertical>Center</TextAlignmentVertical>
		<ZOrder>6</ZOrder>
	</asset>
	<asset>
		<Identifier>RankingQualificationGraphicLeaguePoints</Identifier>
		<FilenameVariance>GraphicLeaguePoints</FilenameVariance>
		<FileFormat>png</FileFormat>
		<PositionX>0</PositionX>
		<PositionY>-160</PositionY>
		<ResourceFolder>Common</ResourceFolder>
		<ZOrder>7</ZOrder>
	</asset>
	<asset>
		<Identifier>RankingQualificationLabelTextLeaguePoints</Identifier>
		<FileFormat>ttf</FileFormat>
		<SizeX>140</SizeX>
		<SizeY>30</SizeY>
		<PositionX>92</PositionX>
		<PositionY>-160</PositionY>
		<FontType>RobotoCondensed-Regular</FontType>
		<FontSize>20</FontSize>
		<FontColor>50,50,50</FontColor>
		<TextAlignment>Left</TextAlignment>
		<TextAlignmentVertical>Center</TextAlignmentVertical>
		<ZOrder>6</ZOrder>
	</asset>
	<asset>
		<Identifier>RankingQualificationLabelTextHint</Identifier>
		<FileFormat>ttf</FileFormat>
		<SizeX>400</SizeX>
		<SizeY>30</SizeY>
		<PositionX>0</PositionX>
		<PositionY>-220</PositionY>
		<FontType>RobotoCondensed-Regular</FontType>
		<FontSize>20</FontSize>
		<FontColor>255,255,255</FontColor>
		<TextAlignment>Center</TextAlignment>
		<TextAlignmentVertical>Center</TextAlignmentVertical>
		<ZOrder>5</ZOrder>
	</asset>
	<asset>
		<Identifier>RankingQualificationLabelTextMyLeague</Identifier>
		<FileFormat>ttf</FileFormat>
		<SizeX>200</SizeX>
		<SizeY>30</SizeY>
		<PositionX>-80</PositionX>
		<PositionY>-270</PositionY>
		<FontType>EurostileTBla</FontType>
		<FontSize>16</FontSize>
		<FontColor>50,50,50</FontColor>
		<TextAlignment>Center</TextAlignment>
		<TextAlignmentVertical>Center</TextAlignmentVertical>
		<ZOrder>5</ZOrder>
	</asset>
	<asset>
		<Identifier>RankingQualificationGraphicTabMyLeague</Identifier>
		<FilenameVariance>ButtonTabSelected</FilenameVariance>
		<FileFormat>png</FileFormat>
		<PositionX>-80</PositionX>
		<PositionY>-270</PositionY>
		<ResourceFolder>Common</ResourceFolder>
		<ZOrder>4</ZOrder>
	</asset>
	<asset>
		<Identifier>RankingQualificationLabelTextOverview</Identifier>
		<FileFormat>ttf</FileFormat>
		<SizeX>200</SizeX>
		<SizeY>30</SizeY>
		<PositionX>80</PositionX>
		<PositionY>-272</PositionY>
		<FontType>EurostileTBla</FontType>
		<FontSize>16</FontSize>
		<FontColor>50,50,50</FontColor>
		<TextAlignment>Center</TextAlignment>
		<TextAlignmentVertical>Center</TextAlignmentVertical>
		<ZOrder>5</ZOrder>
	</asset>
	<asset>
		<Identifier>RankingQualificationButtonTabOverview</Identifier>
		<FilenameVariance>ButtonTab</FilenameVariance>
		<FileFormat>png</FileFormat>
		<PositionX>80</PositionX>
		<PositionY>-272</PositionY>
		<ResourceFolder>Common</ResourceFolder>
		<ZOrder>4</ZOrder>
		<ButtonClickSound>GuiButton.mp3</ButtonClickSound>
	</asset>
</assets>
