<?xml version="1.0" encoding="ISO-8859-1"?>
<assets>
	<asset>
		<Identifier>Self</Identifier>
		<PositionX>0</PositionX>
		<PositionY>0</PositionY>
		<ChildrenDesignRelative>1</ChildrenDesignRelative>
	</asset>
	<asset>
		<Identifier>RankingFailureNotQualifiedLabelTextTitle</Identifier>
		<FileFormat>ttf</FileFormat>
		<SizeX>420</SizeX>
		<SizeY>40</SizeY>
		<PositionX>0</PositionX>
		<PositionY>265</PositionY>
		<FontType>EurostileTBla</FontType>
		<FontSize>30</FontSize>
		<FontColor>255,255,255</FontColor>
		<TextAlignment>Center</TextAlignment>
		<TextAlignmentVertical>Top</TextAlignmentVertical>
		<ZOrder>4</ZOrder>
	</asset>
	<asset>
		<Identifier>RankingFailureNotQualifiedLabelTextContent</Identifier>
		<FileFormat>ttf</FileFormat>
		<SizeX>410</SizeX>
		<SizeY>160</SizeY>
		<PositionX>0</PositionX>
		<PositionY>-50</PositionY>
		<FontType>RobotoCondensed-Regular</FontType>
		<FontSize>20</FontSize>
		<FontColor>50,50,50</FontColor>
		<TextAlignment>Center</TextAlignment>
		<TextAlignmentVertical>Center</TextAlignmentVertical>
		<ZOrder>5</ZOrder>
	</asset>
	<asset>
		<Identifier>RankingFailureNotQualifiedButtonBack</Identifier>
		<FilenameVariance>ButtonStandard</FilenameVariance>
		<FileFormat>png</FileFormat>
		<PositionX>0</PositionX>
		<PositionY>-250</PositionY>
		<ResourceFolder>Common</ResourceFolder>
		<ZOrder>4</ZOrder>
		<SelectedImage>1</SelectedImage>
		<ButtonClickSound>GuiButton.mp3</ButtonClickSound>
	</asset>
	<asset>
		<Identifier>RankingFailureNotQualifiedLabelTextAccept</Identifier>
		<FileFormat>ttf</FileFormat>
		<SizeX>150</SizeX>
		<SizeY>60</SizeY>
		<PositionX>0</PositionX>
		<PositionY>-245</PositionY>
		<FontType>EurostileTBla</FontType>
		<FontSize>20</FontSize>
		<FontColor>50,50,50</FontColor>
		<TextAlignment>Center</TextAlignment>
		<TextAlignmentVertical>Center</TextAlignmentVertical>
		<ZOrder>5</ZOrder>
	</asset>
	<asset>
		<Identifier>RankingFailureNotQualifiedGraphicBackground</Identifier>
		<FilenameVariance>GraphicBackgroundMenu</FilenameVariance>
		<FileFormat>jpg</FileFormat>
		<PositionX>0</PositionX>
		<PositionY>0</PositionY>
		<ResourceFolder>Common</ResourceFolder>
		<ZOrder>0</ZOrder>
	</asset>
	<asset>
		<Identifier>RankingFailureNotQualifiedCustomAssetClippingMaskRanking</Identifier>
		<SizeX>450</SizeX>
		<SizeY>370</SizeY>
		<PositionX>0</PositionX>
		<PositionY>-34</PositionY>
	</asset>
	<asset>
		<Identifier>RankingFailureNotQualifiedGraphicBackgroundFrameChallengePlayer</Identifier>
		<FilenameVariance>GraphicFrameSmallChallengePlayer</FilenameVariance>
		<FileFormat>png</FileFormat>
		<PositionX>0</PositionX>
		<PositionY>-30</PositionY>
		<ResourceFolder>Common</ResourceFolder>
		<ZOrder>1</ZOrder>
	</asset>
</assets>
