<?xml version="1.0" encoding="ISO-8859-1"?>
<assets>
	<asset>
		<Identifier>Self</Identifier>
		<PositionX>0</PositionX>
		<PositionY>0</PositionY>
		<ChildrenDesignRelative>1</ChildrenDesignRelative>
	</asset>
	<asset>
		<Identifier>RankingPopUpOverRewardButtonClose</Identifier>
		<FilenameVariance>ButtonBack</FilenameVariance>
		<FileFormat>png</FileFormat>
		<PositionX>-170</PositionX>
		<PositionY>265</PositionY>
		<ResourceFolder>Common</ResourceFolder>
		<ZOrder>2</ZOrder>
		<SelectedImage>1</SelectedImage>
		<ButtonClickSound>GuiButton.mp3</ButtonClickSound>
	</asset>
	<asset>
		<Identifier>RankingPopUpOverRewardLabelTextCancel</Identifier>
		<FileFormat>ttf</FileFormat>
		<SizeX>150</SizeX>
		<SizeY>60</SizeY>
		<PositionX>-170</PositionX>
		<PositionY>205</PositionY>
		<FontType>EurostileTBla</FontType>
		<FontSize>16</FontSize>
		<FontColor>255,255,255</FontColor>
		<TextAlignment>Center</TextAlignment>
		<TextAlignmentVertical>Top</TextAlignmentVertical>
		<ZOrder>2</ZOrder>
	</asset>
	<asset>
		<Identifier>RankingPopUpOverRewardLabelTextTitle</Identifier>
		<FileFormat>ttf</FileFormat>
		<SizeX>420</SizeX>
		<SizeY>35</SizeY>
		<PositionX>0</PositionX>
		<PositionY>150</PositionY>
		<FontType>EurostileTBla</FontType>
		<FontSize>30</FontSize>
		<FontColor>50,50,50</FontColor>
		<TextAlignment>Center</TextAlignment>
		<TextAlignmentVertical>Top</TextAlignmentVertical>
		<ZOrder>4</ZOrder>
	</asset>
	<asset>
		<Identifier>RankingPopUpOverRewardLabelTextContent</Identifier>
		<FileFormat>ttf</FileFormat>
		<SizeX>420</SizeX>
		<SizeY>100</SizeY>
		<PositionX>0</PositionX>
		<PositionY>80</PositionY>
		<FontType>RobotoCondensed-Regular</FontType>
		<FontSize>20</FontSize>
		<FontColor>50,50,50</FontColor>
		<TextAlignment>Center</TextAlignment>
		<TextAlignmentVertical>Top</TextAlignmentVertical>
		<ZOrder>4</ZOrder>
	</asset>
	<asset>
		<Identifier>RankingPopUpOverRewardLabelTextLeaguePositionTitle</Identifier>
		<FileFormat>ttf</FileFormat>
		<SizeX>100</SizeX>
		<SizeY>30</SizeY>
		<PositionX>-130</PositionX>
		<PositionY>65</PositionY>
		<FontType>RobotoCondensed-Regular</FontType>
		<FontSize>20</FontSize>
		<FontColor>50,50,50</FontColor>
		<TextAlignment>Center</TextAlignment>
		<TextAlignmentVertical>Top</TextAlignmentVertical>
		<ZOrder>4</ZOrder>
	</asset>
	<asset>
		<Identifier>RankingPopUpOverRewardLabelTextLeaguePosition</Identifier>
		<FileFormat>ttf</FileFormat>
		<SizeX>140</SizeX>
		<SizeY>30</SizeY>
		<PositionX>-170</PositionX>
		<PositionY>42</PositionY>
		<FontType>EurostileTBla</FontType>
		<FontSize>24</FontSize>
		<FontColor>50,50,50</FontColor>
		<TextAlignment>Right</TextAlignment>
		<TextAlignmentVertical>Center</TextAlignmentVertical>
		<ZOrder>6</ZOrder>
	</asset>
	<asset>
		<Identifier>RankingPopUpOverRewardLabelTextLeaguePointsTitle</Identifier>
		<FileFormat>ttf</FileFormat>
		<SizeX>420</SizeX>
		<SizeY>30</SizeY>
		<PositionX>0</PositionX>
		<PositionY>65</PositionY>
		<FontType>RobotoCondensed-Regular</FontType>
		<FontSize>20</FontSize>
		<FontColor>50,50,50</FontColor>
		<TextAlignment>Center</TextAlignment>
		<TextAlignmentVertical>Top</TextAlignmentVertical>
		<ZOrder>4</ZOrder>
	</asset>
	<asset>
		<Identifier>RankingPopUpOverRewardLabelTextRequirementLeaguePointsValue</Identifier>
		<FileFormat>ttf</FileFormat>
		<SizeX>140</SizeX>
		<SizeY>30</SizeY>
		<PositionX>-40</PositionX>
		<PositionY>42</PositionY>
		<FontType>EurostileTBla</FontType>
		<FontSize>24</FontSize>
		<FontColor>132,60,165</FontColor>
		<TextAlignment>Right</TextAlignment>
		<TextAlignmentVertical>Center</TextAlignmentVertical>
		<ZOrder>6</ZOrder>
	</asset>
	<asset>
		<Identifier>RankingPopUpOverRewardGraphicRequirementLeaguePoints</Identifier>
		<FilenameVariance>GraphicLeaguePoints</FilenameVariance>
		<FileFormat>png</FileFormat>
		<PositionX>50</PositionX>
		<PositionY>40</PositionY>
		<ResourceFolder>Common</ResourceFolder>
		<ZOrder>7</ZOrder>
	</asset>
	<asset>
		<Identifier>RankingPopUpOverRewardLabelTextRewardTitle</Identifier>
		<FileFormat>ttf</FileFormat>
		<SizeX>100</SizeX>
		<SizeY>30</SizeY>
		<PositionX>130</PositionX>
		<PositionY>65</PositionY>
		<FontType>RobotoCondensed-Regular</FontType>
		<FontSize>20</FontSize>
		<FontColor>50,50,50</FontColor>
		<TextAlignment>Right</TextAlignment>
		<TextAlignmentVertical>Top</TextAlignmentVertical>
		<ZOrder>4</ZOrder>
	</asset>
	<asset>
		<Identifier>RankingPopUpOverRewardLabelTextRewardValue</Identifier>
		<FileFormat>ttf</FileFormat>
		<SizeX>140</SizeX>
		<SizeY>30</SizeY>
		<PositionX>80</PositionX>
		<PositionY>42</PositionY>
		<FontType>EurostileTBla</FontType>
		<FontSize>24</FontSize>
		<FontColor>255,174,0</FontColor>
		<TextAlignment>Right</TextAlignment>
		<TextAlignmentVertical>Center</TextAlignmentVertical>
		<ZOrder>6</ZOrder>
	</asset>
	<asset>
		<Identifier>RankingPopUpOverRewardGraphicReward</Identifier>
		<FilenameVariance>GraphicFunds</FilenameVariance>
		<FileFormat>png</FileFormat>
		<PositionX>170</PositionX>
		<PositionY>40</PositionY>
		<ResourceFolder>Common</ResourceFolder>
		<ZOrder>7</ZOrder>
	</asset>
	<asset>
		<Identifier>RankingPopUpOverRewardLabelTextOverReward</Identifier>
		<FileFormat>ttf</FileFormat>
		<SizeX>420</SizeX>
		<SizeY>35</SizeY>
		<PositionX>0</PositionX>
		<PositionY>-15</PositionY>
		<FontType>EurostileTBla</FontType>
		<FontSize>30</FontSize>
		<FontColor>50,50,50</FontColor>
		<TextAlignment>Center</TextAlignment>
		<TextAlignmentVertical>Top</TextAlignmentVertical>
		<ZOrder>4</ZOrder>
	</asset>
	<asset>
		<Identifier>RankingPopUpOverRewardLabelTextLeague</Identifier>
		<FileFormat>ttf</FileFormat>
		<SizeX>420</SizeX>
		<SizeY>30</SizeY>
		<PositionX>0</PositionX>
		<PositionY>-50</PositionY>
		<FontType>RobotoCondensed-Regular</FontType>
		<FontSize>20</FontSize>
		<FontColor>50,50,50</FontColor>
		<TextAlignment>Center</TextAlignment>
		<TextAlignmentVertical>Top</TextAlignmentVertical>
		<ZOrder>4</ZOrder>
	</asset>
	<asset>
		<Identifier>RankingPopUpOverRewardGraphicLeague*</Identifier>
		<FileFormat>png</FileFormat>
		<PositionX>0</PositionX>
		<PositionY>-130</PositionY>
		<ResourceFolder>Common</ResourceFolder>
		<ZOrder>3</ZOrder>
	</asset>
	<asset>
		<Identifier>RankingPopUpOverRewardGraphicRoundFrame</Identifier>
		<FilenameVariance>GraphicPopUpRoundFrame</FilenameVariance>
		<FileFormat>png</FileFormat>
		<PositionX>0</PositionX>
		<PositionY>-120</PositionY>
		<ResourceFolder>PopUps</ResourceFolder>
		<ZOrder>2</ZOrder>
	</asset>
	<asset>
		<Identifier>RankingPopUpOverRewardGraphicElton</Identifier>
		<FilenameVariance>GraphicPortraitElton</FilenameVariance>
		<FileFormat>png</FileFormat>
		<PositionX>154</PositionX>
		<PositionY>195</PositionY>
		<ResourceFolder>Common</ResourceFolder>
		<ZOrder>3</ZOrder>
	</asset>
	<asset>
		<Identifier>RankingPopUpOverRewardGraphicBackgroundFrame</Identifier>
		<FilenameVariance>GraphicFrameExtraBig</FilenameVariance>
		<FileFormat>png</FileFormat>
		<PositionX>0</PositionX>
		<PositionY>32</PositionY>
		<ResourceFolder>Common</ResourceFolder>
		<ZOrder>1</ZOrder>
	</asset>
	<asset>
		<Identifier>RankingPopUpOverRewardButtonAccept</Identifier>
		<FilenameVariance>ButtonStandard</FilenameVariance>
		<FileFormat>png</FileFormat>
		<PositionX>0</PositionX>
		<PositionY>-260</PositionY>
		<ResourceFolder>Common</ResourceFolder>
		<ZOrder>3</ZOrder>
		<SelectedImage>1</SelectedImage>
		<ButtonClickSound>GuiButton.mp3</ButtonClickSound>
	</asset>
	<asset>
		<Identifier>RankingPopUpOverRewardLabelTextAccept</Identifier>
		<FileFormat>ttf</FileFormat>
		<SizeX>150</SizeX>
		<SizeY>60</SizeY>
		<PositionX>0</PositionX>
		<PositionY>-260</PositionY>
		<FontType>EurostileTBla</FontType>
		<FontSize>20</FontSize>
		<FontColor>50,50,50</FontColor>
		<TextAlignment>Center</TextAlignment>
		<TextAlignmentVertical>Center</TextAlignmentVertical>
		<ZOrder>4</ZOrder>
	</asset>
	<asset>
		<Identifier>RankingPopUpOverRewardGraphicBackground</Identifier>
		<FilenameVariance>GraphicBackgroundMenu</FilenameVariance>
		<FileFormat>jpg</FileFormat>
		<PositionX>0</PositionX>
		<PositionY>0</PositionY>
		<ResourceFolder>Common</ResourceFolder>
		<ZOrder>0</ZOrder>
	</asset>
</assets>
