<?xml version="1.0" encoding="ISO-8859-1"?>
<assets>
	<asset>
		<Identifier>Self</Identifier>
		<PositionX>0</PositionX>
		<PositionY>0</PositionY>
		<ChildrenDesignRelative>1</ChildrenDesignRelative>
	</asset>
	<asset>
		<Identifier>RankingPlayerLabelTextPlayerPositionValue</Identifier>
		<FileFormat>ttf</FileFormat>
		<SizeX>200</SizeX>
		<SizeY>30</SizeY>
		<PositionX>-38</PositionX>
		<PositionY>0</PositionY>
		<FontType>EurostileTBla</FontType>
		<FontSize>20</FontSize>
		<FontColor>255,255,255</FontColor>
		<TextAlignment>Left</TextAlignment>
		<TextAlignmentVertical>Center</TextAlignmentVertical>
		<ZOrder>3</ZOrder>
	</asset>
	<asset>
		<Identifier>RankingPlayerLabelTextPlayerName</Identifier>
		<FileFormat>system</FileFormat>
		<SizeX>600</SizeX>
		<SizeY>30</SizeY>
		<PositionX>214</PositionX>
		<PositionY>10</PositionY>
		<FontType>EurostileTBla</FontType>
		<FontSize>20</FontSize>
		<FontColor>255,255,255</FontColor>
		<TextAlignment>Left</TextAlignment>
		<TextAlignmentVertical>Center</TextAlignmentVertical>
		<ZOrder>3</ZOrder>
	</asset>
	<asset>
		<Identifier>RankingPlayerLabelTextPlayerPositionValueMe</Identifier>
		<FileFormat>ttf</FileFormat>
		<SizeX>200</SizeX>
		<SizeY>30</SizeY>
		<PositionX>-38</PositionX>
		<PositionY>0</PositionY>
		<FontType>EurostileTBla</FontType>
		<FontSize>20</FontSize>
		<FontColor>132,60,165</FontColor>
		<TextAlignment>Left</TextAlignment>
		<TextAlignmentVertical>Center</TextAlignmentVertical>
		<ZOrder>3</ZOrder>
	</asset>
	<asset>
		<Identifier>RankingPlayerLabelTextPlayerNameMe</Identifier>
		<FileFormat>system</FileFormat>
		<SizeX>600</SizeX>
		<SizeY>30</SizeY>
		<PositionX>214</PositionX>
		<PositionY>10</PositionY>
		<FontType>EurostileTBla</FontType>
		<FontSize>20</FontSize>
		<FontColor>132,60,165</FontColor>
		<TextAlignment>Left</TextAlignment>
		<TextAlignmentVertical>Center</TextAlignmentVertical>
		<ZOrder>3</ZOrder>
	</asset>
	<asset>
		<Identifier>RankingPlayerGraphicPlayerLeaguePoints</Identifier>
		<FilenameVariance>GraphicLeaguePoints</FilenameVariance>
		<FileFormat>png</FileFormat>
		<PositionX>150</PositionX>
		<PositionY>10</PositionY>
		<ResourceFolder>Common</ResourceFolder>
		<ZOrder>2</ZOrder>
	</asset>
	<asset>
		<Identifier>RankingPlayerLabelTextPlayerLeaguePointsValue</Identifier>
		<FileFormat>ttf</FileFormat>
		<SizeX>120</SizeX>
		<SizeY>30</SizeY>
		<PositionX>76</PositionX>
		<PositionY>12</PositionY>
		<FontType>EurostileTBla</FontType>
		<FontSize>24</FontSize>
		<FontColor>132,60,165</FontColor>
		<TextAlignment>Right</TextAlignment>
		<TextAlignmentVertical>Center</TextAlignmentVertical>
		<ZOrder>3</ZOrder>
	</asset>
	<asset>
		<Identifier>RankingPlayerGraphicPlayerFunds</Identifier>
		<FilenameVariance>GraphicFunds</FilenameVariance>
		<FileFormat>png</FileFormat>
		<PositionX>150</PositionX>
		<PositionY>-14</PositionY>
		<ResourceFolder>Common</ResourceFolder>
		<ZOrder>2</ZOrder>
	</asset>
	<asset>
		<Identifier>RankingPlayerLabelTextPlayerFundsValue</Identifier>
		<FileFormat>ttf</FileFormat>
		<SizeX>120</SizeX>
		<SizeY>30</SizeY>
		<PositionX>76</PositionX>
		<PositionY>-12</PositionY>
		<FontType>EurostileTBla</FontType>
		<FontSize>24</FontSize>
		<FontColor>255,174,0</FontColor>
		<TextAlignment>Right</TextAlignment>
		<TextAlignmentVertical>Center</TextAlignmentVertical>
		<ZOrder>3</ZOrder>
	</asset>
	<asset>
		<Identifier>RankingPlayerGraphicPlayerAvatar*</Identifier>
		<FileFormat>jpg</FileFormat>
		<PositionX>-170</PositionX>
		<PositionY>0</PositionY>
		<ResourceFolder>Common</ResourceFolder>
		<ZOrder>3</ZOrder>
	</asset>
	<asset>
		<Identifier>RankingPlayerButtonPlayerAvatar</Identifier>
		<FilenameVariance>ButtonAvatar</FilenameVariance>
		<FileFormat>png</FileFormat>
		<PositionX>-170</PositionX>
		<PositionY>0</PositionY>
		<ResourceFolder>Common</ResourceFolder>
		<ZOrder>2</ZOrder>
	</asset>
</assets>
