<?xml version="1.0" encoding="ISO-8859-1"?>
<assets>
	<asset>
		<Identifier>Self</Identifier>
		<PositionX>0</PositionX>
		<PositionY>0</PositionY>
		<ChildrenDesignRelative>1</ChildrenDesignRelative>
	</asset>
	<asset>
		<Identifier>RankingTabMyLeagueLabelTextTitle</Identifier>
		<FileFormat>ttf</FileFormat>
		<SizeX>420</SizeX>
		<SizeY>40</SizeY>
		<PositionX>0</PositionX>
		<PositionY>265</PositionY>
		<FontType>EurostileTBla</FontType>
		<FontSize>30</FontSize>
		<FontColor>255,255,255</FontColor>
		<TextAlignment>Center</TextAlignment>
		<TextAlignmentVertical>Top</TextAlignmentVertical>
		<ZOrder>4</ZOrder>
	</asset>
	<asset>
		<Identifier>RankingTabMyLeagueLabelTextLeague</Identifier>
		<FileFormat>ttf</FileFormat>
		<SizeX>410</SizeX>
		<SizeY>30</SizeY>
		<PositionX>0</PositionX>
		<PositionY>240</PositionY>
		<FontType>RobotoCondensed-Regular</FontType>
		<FontSize>20</FontSize>
		<FontColor>255,255,255</FontColor>
		<TextAlignment>Center</TextAlignment>
		<TextAlignmentVertical>Center</TextAlignmentVertical>
		<ZOrder>5</ZOrder>
	</asset>
	<asset>
		<Identifier>RankingTabMyLeagueLabelTextLeagueEnding</Identifier>
		<FileFormat>ttf</FileFormat>
		<SizeX>410</SizeX>
		<SizeY>30</SizeY>
		<PositionX>0</PositionX>
		<PositionY>210</PositionY>
		<FontType>RobotoCondensed-Regular</FontType>
		<FontSize>20</FontSize>
		<FontColor>255,255,255</FontColor>
		<TextAlignment>Center</TextAlignment>
		<TextAlignmentVertical>Center</TextAlignmentVertical>
		<ZOrder>5</ZOrder>
	</asset>
	<asset>
		<Identifier>RankingTabMyLeagueLabelTextLeagueEndingTime</Identifier>
		<FileFormat>ttf</FileFormat>
		<SizeX>410</SizeX>
		<SizeY>30</SizeY>
		<PositionX>0</PositionX>
		<PositionY>190</PositionY>
		<FontType>RobotoCondensed-Regular</FontType>
		<FontSize>20</FontSize>
		<FontColor>220,47,0</FontColor>
		<TextAlignment>Center</TextAlignment>
		<TextAlignmentVertical>Center</TextAlignmentVertical>
		<ZOrder>5</ZOrder>
	</asset>
	<asset>
		<Identifier>RankingTabMyLeagueLabelTextMyLeague</Identifier>
		<FileFormat>ttf</FileFormat>
		<SizeX>200</SizeX>
		<SizeY>30</SizeY>
		<PositionX>-80</PositionX>
		<PositionY>-270</PositionY>
		<FontType>EurostileTBla</FontType>
		<FontSize>16</FontSize>
		<FontColor>50,50,50</FontColor>
		<TextAlignment>Center</TextAlignment>
		<TextAlignmentVertical>Center</TextAlignmentVertical>
		<ZOrder>5</ZOrder>
	</asset>
	<asset>
		<Identifier>RankingTabMyLeagueGraphicTabMyLeague</Identifier>
		<FilenameVariance>ButtonTabSelected</FilenameVariance>
		<FileFormat>png</FileFormat>
		<PositionX>-80</PositionX>
		<PositionY>-270</PositionY>
		<ResourceFolder>Common</ResourceFolder>
		<ZOrder>4</ZOrder>
	</asset>
	<asset>
		<Identifier>RankingTabMyLeagueLabelTextOverview</Identifier>
		<FileFormat>ttf</FileFormat>
		<SizeX>200</SizeX>
		<SizeY>30</SizeY>
		<PositionX>80</PositionX>
		<PositionY>-272</PositionY>
		<FontType>EurostileTBla</FontType>
		<FontSize>16</FontSize>
		<FontColor>50,50,50</FontColor>
		<TextAlignment>Center</TextAlignment>
		<TextAlignmentVertical>Center</TextAlignmentVertical>
		<ZOrder>5</ZOrder>
	</asset>
	<asset>
		<Identifier>RankingTabMyLeagueButtonTabOverview</Identifier>
		<FilenameVariance>ButtonTab</FilenameVariance>
		<FileFormat>png</FileFormat>
		<PositionX>80</PositionX>
		<PositionY>-272</PositionY>
		<ResourceFolder>Common</ResourceFolder>
		<ZOrder>4</ZOrder>
		<ButtonClickSound>GuiButton.mp3</ButtonClickSound>
	</asset>
	<asset>
		<Identifier>RankingTabMyLeagueLabelTextPosition</Identifier>
		<FileFormat>ttf</FileFormat>
		<SizeX>80</SizeX>
		<SizeY>30</SizeY>
		<PositionX>-130</PositionX>
		<PositionY>152</PositionY>
		<FontType>RobotoCondensed-Regular</FontType>
		<FontSize>20</FontSize>
		<FontColor>50,50,50</FontColor>
		<TextAlignment>Left</TextAlignment>
		<TextAlignmentVertical>Center</TextAlignmentVertical>
		<ZOrder>5</ZOrder>
	</asset>
	<asset>
		<Identifier>RankingTabMyLeagueLabelTextPlayerName</Identifier>
		<FileFormat>ttf</FileFormat>
		<SizeX>160</SizeX>
		<SizeY>30</SizeY>
		<PositionX>-10</PositionX>
		<PositionY>152</PositionY>
		<FontType>RobotoCondensed-Regular</FontType>
		<FontSize>20</FontSize>
		<FontColor>50,50,50</FontColor>
		<TextAlignment>Left</TextAlignment>
		<TextAlignmentVertical>Center</TextAlignmentVertical>
		<ZOrder>5</ZOrder>
	</asset>
	<asset>
		<Identifier>RankingTabMyLeagueLabelTextPoints</Identifier>
		<FileFormat>ttf</FileFormat>
		<SizeX>160</SizeX>
		<SizeY>30</SizeY>
		<PositionX>95</PositionX>
		<PositionY>152</PositionY>
		<FontType>RobotoCondensed-Regular</FontType>
		<FontSize>20</FontSize>
		<FontColor>50,50,50</FontColor>
		<TextAlignment>Right</TextAlignment>
		<TextAlignmentVertical>Center</TextAlignmentVertical>
		<ZOrder>5</ZOrder>
	</asset>
	<asset>
		<Identifier>RankingTabMyLeagueGraphicLeague*</Identifier>
		<FileFormat>png</FileFormat>
		<PositionX>150</PositionX>
		<PositionY>250</PositionY>
		<ResourceFolder>Common</ResourceFolder>
		<ZOrder>4</ZOrder>
	</asset>
</assets>
