<?xml version="1.0" encoding="ISO-8859-1"?>
<assets>
	<asset>
		<Identifier>Self</Identifier>
		<SizeY>0</SizeY>
		<PositionX>0</PositionX>
		<ChildrenDesignRelative>1</ChildrenDesignRelative>
	</asset>
	<asset>
		<Identifier>TemplateGraphicName</Identifier>
		<FilenameVariance>GraphicName</FilenameVariance>
		<FileFormat>png</FileFormat>
		<ResourceFolder>Common</ResourceFolder>
		<PositionX>-297</PositionX>
		<PositionY>138</PositionY>
		<ZOrder>4</ZOrder>
	</asset>
	<asset>
		<Identifier>TemplateGraphicBackgroundName</Identifier>
		<FilenameVariance>BackgroundName</FilenameVariance>
		<FileFormat>jpg</FileFormat>
		<PositionX>0</PositionX>
		<PositionY>83</PositionY>
		<ZOrder>2</ZOrder>
	</asset>
	<asset>
		<Identifier>TemplateCustomAssetName</Identifier>
		<FilenameVariance>Name</FilenameVariance>
		<ResourceFolder>Common</ResourceFolder>
		<PositionX>-297</PositionX>
		<PositionY>138</PositionY>
		<ZOrder>5</ZOrder>
	</asset>
	<asset>
		<Identifier>TemplateLabelTextName</Identifier>
		<FileFormat>ttf</FileFormat>
		<SizeX>150</SizeX>
		<SizeY>30</SizeY>
		<PositionX>-197</PositionX>
		<PositionY>138</PositionY>
		<FontType>FontName-Bold</FontType>
		<FontSize>25</FontSize>
		<FontColor>200,235,255</FontColor>
		<TextAlignment>Left</TextAlignment>
		<TextAlignmentVertical>Center</TextAlignmentVertical>
		<ZOrder>5</ZOrder>
	</asset>
	<asset>
		<Identifier>TemplateButtonName</Identifier>
		<FilenameVariance>ButtonName</FilenameVariance>
		<FileFormat>png</FileFormat>
		<PositionX>-250</PositionX>
		<PositionY>138</PositionY>
		<ZOrder>4</ZOrder>
		<SelectedImage>1</SelectedImage>
		<ButtonClickSound>SoundName.mp3</ButtonClickSound>
	</asset>
	<asset>
		<Identifier>TemplateToogleButtonName</Identifier>
		<FilenameVariance>ToogleButtonName</FilenameVariance>
		<FileFormat>png</FileFormat>
		<PositionX>90</PositionX>
		<PositionY>138</PositionY>
		<ZOrder>4</ZOrder>
		<SelectedImage>1</SelectedImage>
		<ButtonClickSound>SoundName.mp3</ButtonClickSound>
	</asset>
	<asset>
		<Identifier>TemplateRadioButtonName</Identifier>
		<FilenameVariance>RadioButtonName</FilenameVariance>
		<FileFormat>png</FileFormat>
		<PositionX>90</PositionX>
		<PositionY>138</PositionY>
		<ZOrder>4</ZOrder>
		<SelectedImage>1</SelectedImage>
		<ButtonClickSound>SoundName.mp3</ButtonClickSound>
	</asset>
</assets>
