<Animations>
  <Animation name="Idle" frameCount="88">
    <Part name="GlowFrame0">
      <Frame x="-70" y="-70" index="22"/>
    </Part>
    <Part name="GlowFrame1">
      <Frame x="-70" y="-70" index="23"/>
    </Part>
    <Part name="GlowFrame10">
      <Frame x="-70" y="-70" index="32"/>
    </Part>
    <Part name="GlowFrame11">
      <Frame x="-70" y="-70" index="33"/>
    </Part>
    <Part name="GlowFrame12">
      <Frame x="-70" y="-70" index="34"/>
    </Part>
    <Part name="GlowFrame13">
      <Frame x="-70" y="-70" index="35"/>
    </Part>
    <Part name="GlowFrame14">
      <Frame x="-70" y="-70" index="36"/>
    </Part>
    <Part name="GlowFrame2">
      <Frame x="-70" y="-70" index="24"/>
    </Part>
    <Part name="GlowFrame3">
      <Frame x="-70" y="-70" index="25"/>
    </Part>
    <Part name="GlowFrame4">
      <Frame x="-70" y="-70" index="26"/>
    </Part>
    <Part name="GlowFrame5">
      <Frame x="-70" y="-70" index="27"/>
    </Part>
    <Part name="GlowFrame6">
      <Frame x="-70" y="-70" index="28"/>
    </Part>
    <Part name="GlowFrame7">
      <Frame x="-70" y="-70" index="29"/>
    </Part>
    <Part name="GlowFrame8">
      <Frame x="-70" y="-70" index="30"/>
    </Part>
    <Part name="GlowFrame9">
      <Frame x="-70" y="-70" index="31"/>
    </Part>
  </Animation>
</Animations>