<Textures>
  <TextureSheet name="animation">
    <Texture name="GlowFrame8" width="140" height="140" path="animation/GlowFrame8.png" registrationPointX="0" registrationPointY="0" zIndex="13"/>
    <Texture name="GlowFrame7" width="140" height="140" path="animation/GlowFrame7.png" registrationPointX="0" registrationPointY="0" zIndex="12"/>
    <Texture name="GlowFrame6" width="140" height="140" path="animation/GlowFrame6.png" registrationPointX="0" registrationPointY="0" zIndex="11"/>
    <Texture name="GlowFrame5" width="140" height="140" path="animation/GlowFrame5.png" registrationPointX="0" registrationPointY="0" zIndex="10"/>
    <Texture name="GlowFrame4" width="140" height="140" path="animation/GlowFrame4.png" registrationPointX="0" registrationPointY="0" zIndex="9"/>
    <Texture name="GlowFrame3" width="140" height="140" path="animation/GlowFrame3.png" registrationPointX="0" registrationPointY="0" zIndex="8"/>
    <Texture name="GlowFrame2" width="140" height="140" path="animation/GlowFrame2.png" registrationPointX="0" registrationPointY="0" zIndex="7"/>
    <Texture name="GlowFrame14" width="140" height="140" path="animation/GlowFrame14.png" registrationPointX="0" registrationPointY="0" zIndex="6"/>
    <Texture name="GlowFrame13" width="140" height="140" path="animation/GlowFrame13.png" registrationPointX="0" registrationPointY="0" zIndex="5"/>
    <Texture name="GlowFrame12" width="140" height="140" path="animation/GlowFrame12.png" registrationPointX="0" registrationPointY="0" zIndex="4"/>
    <Texture name="GlowFrame11" width="140" height="140" path="animation/GlowFrame11.png" registrationPointX="0" registrationPointY="0" zIndex="3"/>
    <Texture name="GlowFrame10" width="140" height="140" path="animation/GlowFrame10.png" registrationPointX="0" registrationPointY="0" zIndex="2"/>
    <Texture name="GlowFrame1" width="140" height="140" path="animation/GlowFrame1.png" registrationPointX="0" registrationPointY="0" zIndex="1"/>
    <Texture name="GlowFrame0" width="140" height="140" path="animation/GlowFrame0.png" registrationPointX="0" registrationPointY="0"/>
    <Texture name="GlowFrame9" width="140" height="140" path="animation/GlowFrame9.png" registrationPointX="0" registrationPointY="0"/>
  </TextureSheet>
</Textures>