<Animations>
  <Animation name="Idle" frameCount="90">
    <Part name="DiscountGlow0">
      <Frame alpha="0.10" index="42"/>
      <Frame alpha="0.10" index="43"/>
    </Part>
    <Part name="DiscountGlow1">
      <Frame alpha="0.20" index="44"/>
      <Frame alpha="0.20" index="45"/>
    </Part>
    <Part name="DiscountGlow10">
      <Frame index="60"/>
      <Frame index="61"/>
      <Frame index="62"/>
      <Frame index="63"/>
      <Frame index="64"/>
      <Frame index="65"/>
      <Frame index="66"/>
      <Frame index="67"/>
      <Frame index="68"/>
      <Frame index="69"/>
      <Frame index="70"/>
      <Frame index="71"/>
      <Frame index="72"/>
      <Frame index="73"/>
      <Frame index="74"/>
      <Frame index="75"/>
      <Frame index="76"/>
      <Frame index="77"/>
      <Frame index="78"/>
      <Frame index="79"/>
      <Frame index="80"/>
      <Frame index="81"/>
      <Frame index="82"/>
      <Frame index="83"/>
      <Frame index="84"/>
      <Frame index="85"/>
      <Frame index="86"/>
      <Frame index="87"/>
      <Frame index="88"/>
      <Frame index="89"/>
    </Part>
    <Part name="DiscountGlow2">
      <Frame alpha="0.40" index="46"/>
      <Frame alpha="0.40" index="47"/>
    </Part>
    <Part name="DiscountGlow3">
      <Frame alpha="0.60" index="48"/>
      <Frame alpha="0.60" index="49"/>
    </Part>
    <Part name="DiscountGlow4">
      <Frame index="50"/>
      <Frame index="51"/>
    </Part>
    <Part name="DiscountGlow5">
      <Frame alpha="0.60" index="52"/>
      <Frame alpha="0.60" index="53"/>
    </Part>
    <Part name="DiscountGlow6">
      <Frame alpha="0.40" index="54"/>
      <Frame alpha="0.40" index="55"/>
    </Part>
    <Part name="DiscountGlow7">
      <Frame alpha="0.20" index="56"/>
      <Frame alpha="0.20" index="57"/>
    </Part>
    <Part name="DiscountGlow8">
      <Frame alpha="0.10" index="58"/>
      <Frame alpha="0.10" index="59"/>
    </Part>
    <Part name="DiscountGlow9">
      <Frame index="0"/>
      <Frame index="1"/>
      <Frame index="2"/>
      <Frame index="3"/>
      <Frame index="4"/>
      <Frame index="5"/>
      <Frame index="6"/>
      <Frame index="7"/>
      <Frame index="8"/>
      <Frame index="9"/>
      <Frame index="10"/>
      <Frame index="11"/>
      <Frame index="12"/>
      <Frame index="13"/>
      <Frame index="14"/>
      <Frame index="15"/>
      <Frame index="16"/>
      <Frame index="17"/>
      <Frame index="18"/>
      <Frame index="19"/>
      <Frame index="20"/>
      <Frame index="21"/>
      <Frame index="22"/>
      <Frame index="23"/>
      <Frame index="24"/>
      <Frame index="25"/>
      <Frame index="26"/>
      <Frame index="27"/>
      <Frame index="28"/>
      <Frame index="29"/>
      <Frame index="30"/>
      <Frame index="31"/>
      <Frame index="32"/>
      <Frame index="33"/>
      <Frame index="34"/>
      <Frame index="35"/>
      <Frame index="36"/>
      <Frame index="37"/>
      <Frame index="38"/>
      <Frame index="39"/>
      <Frame index="40"/>
      <Frame index="41"/>
    </Part>
    <Part name="GraphicProcentDiscount">
      <Frame index="0"/>
      <Frame scaleX="1.056" scaleY="1.056" index="1"/>
      <Frame scaleX="1.111" scaleY="1.111" index="2"/>
      <Frame scaleX="1.167" scaleY="1.167" index="3"/>
      <Frame scaleX="1.111" scaleY="1.111" index="4"/>
      <Frame scaleX="1.056" scaleY="1.056" index="5"/>
      <Frame scaleX="1.167" scaleY="1.167" index="6"/>
      <Frame scaleX="1.278" scaleY="1.278" index="7"/>
      <Frame scaleX="1.389" scaleY="1.389" index="8"/>
      <Frame scaleX="1.359" scaleY="1.359" index="9"/>
      <Frame scaleX="1.329" scaleY="1.329" index="10"/>
      <Frame scaleX="1.299" scaleY="1.299" index="11"/>
      <Frame scaleX="1.269" scaleY="1.269" index="12"/>
      <Frame scaleX="1.239" scaleY="1.239" index="13"/>
      <Frame scaleX="1.209" scaleY="1.209" index="14"/>
      <Frame scaleX="1.179" scaleY="1.179" index="15"/>
      <Frame scaleX="1.150" scaleY="1.150" index="16"/>
      <Frame scaleX="1.120" scaleY="1.120" index="17"/>
      <Frame scaleX="1.090" scaleY="1.090" index="18"/>
      <Frame scaleX="1.060" scaleY="1.060" index="19"/>
      <Frame scaleX="1.030" scaleY="1.030" index="20"/>
      <Frame index="21"/>
      <Frame index="22"/>
      <Frame index="23"/>
      <Frame index="24"/>
      <Frame index="25"/>
      <Frame index="26"/>
      <Frame index="27"/>
      <Frame index="28"/>
      <Frame index="29"/>
      <Frame index="30"/>
      <Frame index="31"/>
      <Frame index="32"/>
      <Frame index="33"/>
      <Frame index="34"/>
      <Frame index="35"/>
      <Frame index="36"/>
      <Frame index="37"/>
      <Frame index="38"/>
      <Frame index="39"/>
      <Frame index="40"/>
      <Frame index="41"/>
      <Frame index="42"/>
      <Frame index="43"/>
      <Frame index="44"/>
      <Frame index="45"/>
      <Frame index="46"/>
      <Frame index="47"/>
      <Frame index="48"/>
      <Frame index="49"/>
      <Frame index="50"/>
      <Frame index="51"/>
      <Frame index="52"/>
      <Frame index="53"/>
      <Frame index="54"/>
      <Frame index="55"/>
      <Frame index="56"/>
      <Frame index="57"/>
      <Frame index="58"/>
      <Frame index="59"/>
      <Frame index="60"/>
      <Frame index="61"/>
      <Frame index="62"/>
      <Frame index="63"/>
      <Frame index="64"/>
      <Frame index="65"/>
      <Frame index="66"/>
      <Frame index="67"/>
      <Frame index="68"/>
      <Frame index="69"/>
      <Frame index="70"/>
      <Frame index="71"/>
      <Frame index="72"/>
      <Frame index="73"/>
      <Frame index="74"/>
      <Frame index="75"/>
      <Frame index="76"/>
      <Frame index="77"/>
      <Frame index="78"/>
      <Frame index="79"/>
      <Frame index="80"/>
      <Frame index="81"/>
      <Frame index="82"/>
      <Frame index="83"/>
      <Frame index="84"/>
      <Frame index="85"/>
      <Frame index="86"/>
      <Frame index="87"/>
      <Frame index="88"/>
      <Frame index="89"/>
    </Part>
  </Animation>
</Animations>