<Animations>
  <Animation name="Idle" frameCount="16">
    <Part name="LoadingAnimationImage0">
      <Frame index="0"/>
      <Frame index="1"/>
    </Part>
    <Part name="LoadingAnimationImage1">
      <Frame index="2"/>
      <Frame index="3"/>
    </Part>
    <Part name="LoadingAnimationImage2">
      <Frame index="4"/>
      <Frame index="5"/>
    </Part>
    <Part name="LoadingAnimationImage3">
      <Frame index="6"/>
      <Frame index="7"/>
    </Part>
    <Part name="LoadingAnimationImage4">
      <Frame index="8"/>
      <Frame index="9"/>
    </Part>
    <Part name="LoadingAnimationImage5">
      <Frame index="10"/>
      <Frame index="11"/>
    </Part>
    <Part name="LoadingAnimationImage6">
      <Frame index="12"/>
      <Frame index="13"/>
    </Part>
    <Part name="LoadingAnimationImage7">
      <Frame index="14"/>
      <Frame index="15"/>
    </Part>
  </Animation>
</Animations>