<Textures>
  <TextureSheet name="animation">
    <Texture name="LoadingAnimationImage6" width="88" height="88" path="animation/LoadingAnimationImage6.png" registrationPointX="44.00" registrationPointY="44.00" zIndex="6"/>
    <Texture name="LoadingAnimationImage5" width="88" height="88" path="animation/LoadingAnimationImage5.png" registrationPointX="44.00" registrationPointY="44.00" zIndex="5"/>
    <Texture name="LoadingAnimationImage4" width="88" height="88" path="animation/LoadingAnimationImage4.png" registrationPointX="44.00" registrationPointY="44.00" zIndex="4"/>
    <Texture name="LoadingAnimationImage3" width="88" height="88" path="animation/LoadingAnimationImage3.png" registrationPointX="44.00" registrationPointY="44.00" zIndex="3"/>
    <Texture name="LoadingAnimationImage2" width="88" height="88" path="animation/LoadingAnimationImage2.png" registrationPointX="44.00" registrationPointY="44.00" zIndex="2"/>
    <Texture name="LoadingAnimationImage1" width="88" height="88" path="animation/LoadingAnimationImage1.png" registrationPointX="44.00" registrationPointY="44.00" zIndex="1"/>
    <Texture name="LoadingAnimationImage0" width="88" height="88" path="animation/LoadingAnimationImage0.png" registrationPointX="44.00" registrationPointY="44.00"/>
    <Texture name="LoadingAnimationImage7" width="88" height="88" path="animation/LoadingAnimationImage7.png" registrationPointX="44.00" registrationPointY="44.00"/>
  </TextureSheet>
</Textures>